timestamp,Bearing 1,Bearing 2,Bearing 3,Bearing 4
2004-02-12 10:32:39,0.058332421875000005,0.071831591796875,0.083244287109375,0.04306494140625
2004-02-12 10:42:39,0.058996630859374996,0.07400830078125001,0.08443881835937501,0.04453994140625
2004-02-12 10:52:39,0.06023896484375,0.074223486328125,0.083922216796875,0.0444419921875
2004-02-12 11:02:39,0.061453271484375,0.073843115234375,0.08446240234375,0.045081103515625
2004-02-12 11:12:39,0.061360986328125,0.075606396484375,0.08283671875000001,0.045118310546875
2004-02-12 11:22:39,0.061668505859375,0.073280517578125,0.084885693359375,0.044170654296875
2004-02-12 11:32:39,0.061943945312500005,0.07459233398437501,0.08262333984375,0.04465830078125001
2004-02-12 11:42:39,0.061231347656250004,0.07417060546875,0.08202099609374999,0.043840087890625004
2004-02-12 11:52:39,0.06228134765625,0.075808203125,0.08437338867187501,0.04427329101562501
2004-02-12 12:02:39,0.059892822265625,0.075116796875,0.084503955078125,0.04397231445312501
2004-02-12 12:12:39,0.062369384765625015,0.0755072265625,0.08223647460937501,0.044169970703125006
2004-02-12 12:22:39,0.06083764648437501,0.07464858398437499,0.080554345703125,0.043604443359375
2004-02-12 12:32:39,0.061091308593750004,0.074829541015625,0.080785498046875,0.043522705078125
2004-02-12 12:42:39,0.06260361328125,0.075491845703125,0.080621875,0.044678173828125
2004-02-12 12:52:39,0.062341455078125,0.075603271484375,0.0803947265625,0.044246240234375
2004-02-12 13:02:39,0.06163056640625,0.07528203124999999,0.08100190429687501,0.044686767578125
2004-02-12 13:12:39,0.06188349609375001,0.0759943359375,0.08330771484375,0.044552099609375
2004-02-12 13:22:39,0.061244482421875,0.07403535156249999,0.08016284179687501,0.043481640625
2004-02-12 13:32:39,0.06147446289062499,0.07533076171875,0.081758935546875,0.044155810546875
2004-02-12 13:42:39,0.061842382812500006,0.07581826171875,0.08150869140625,0.04355419921875
2004-02-12 13:52:39,0.062211376953124994,0.075918896484375,0.08089184570312499,0.0439259765625
2004-02-12 14:02:39,0.062623291015625,0.07640932617187501,0.082297509765625,0.043764160156249995
2004-02-12 14:12:39,0.062512646484375,0.07490590820312501,0.08181030273437499,0.043430175781250004
2004-02-12 14:22:39,0.06260395507812501,0.07651123046875001,0.081138330078125,0.045041406250000006
2004-02-12 14:32:39,0.06244741210937501,0.07664794921875,0.08357324218750001,0.044516748046875006
2004-02-12 14:42:39,0.061328759765625,0.07514804687500001,0.082571435546875,0.044143359375
2004-02-12 14:52:39,0.06144902343750001,0.076665869140625,0.080873779296875,0.043865966796875
2004-02-12 15:02:39,0.0612880859375,0.07556157226562502,0.082174658203125,0.044178955078125005
2004-02-12 15:12:39,0.06190380859375,0.07515419921875,0.08251352539062501,0.043843603515624996
2004-02-12 15:22:39,0.06188974609375001,0.075881396484375,0.08026474609375,0.043735351562500004
2004-02-12 15:32:39,0.06172607421875,0.075646826171875,0.081356884765625,0.043280371093750006
2004-02-12 15:42:39,0.063207958984375,0.0755150390625,0.08135029296875,0.04509169921875
2004-02-12 15:52:39,0.060691357421875015,0.07611416015625,0.080070263671875,0.044029833984375
2004-02-12 16:02:39,0.06227343750000001,0.07644072265625002,0.08200498046875002,0.044521337890625
2004-02-12 16:12:39,0.0615251953125,0.077321630859375,0.08341738281250001,0.044206494140625004
2004-02-12 16:22:39,0.061505615234375,0.07580903320312501,0.0793544921875,0.04417294921875
2004-02-12 16:32:39,0.060628320312500004,0.076185302734375,0.08224033203125,0.044367431640624996
2004-02-12 16:42:39,0.062685400390625,0.076527783203125,0.08133125,0.044789111328125006
2004-02-12 16:52:39,0.06121889648437499,0.07574770507812499,0.08236689453125001,0.04438125
2004-02-12 17:02:39,0.061414404296875,0.07675522460937499,0.08167958984375,0.045032080078125
2004-02-12 17:12:39,0.0615775390625,0.07701552734375,0.081989208984375,0.044673095703125006
2004-02-12 17:22:39,0.061915576171875,0.075827490234375,0.08108427734375,0.044193994140625005
2004-02-12 17:32:39,0.061147216796875,0.07549160156250001,0.079661767578125,0.0436552734375
2004-02-12 17:42:39,0.0614578125,0.0751068359375,0.07858828125,0.0442091796875
2004-02-12 17:52:39,0.061381689453125,0.0767115234375,0.081844482421875,0.04396962890625
2004-02-12 18:02:39,0.060115380859375,0.07534951171875,0.081258740234375,0.044294726562500004
2004-02-12 18:12:39,0.062267724609375,0.07608276367187501,0.08218564453125,0.044435498046875
2004-02-12 18:22:39,0.060795263671875,0.07491430664062501,0.08278334960937501,0.044283837890625
2004-02-12 18:32:39,0.061783984375,0.07634487304687501,0.0812828125,0.044675927734375
2004-02-12 18:42:39,0.060625,0.074740771484375,0.0795048828125,0.04378247070312501
2004-02-12 18:52:39,0.061513964843750005,0.0766935546875,0.08101669921875002,0.0445408203125
2004-02-12 19:02:39,0.061633935546875,0.07628876953125,0.08007553710937501,0.044698974609375004
2004-02-12 19:12:39,0.06239111328125,0.075971484375,0.080209521484375,0.04393095703125
2004-02-12 19:22:39,0.060578906249999995,0.076138720703125,0.07999404296875,0.045377880859375
2004-02-12 19:32:39,0.06034692382812501,0.07478676757812501,0.0813240234375,0.043911962890625
2004-02-12 19:42:39,0.061459423828125005,0.07620888671875001,0.081614892578125,0.044705078125
2004-02-12 19:52:39,0.060919775390625,0.076059326171875,0.080233984375,0.043868945312500005
2004-02-12 20:02:39,0.06096416015624999,0.07527646484375,0.0794787109375,0.043129248046875
2004-02-12 20:12:39,0.06019912109375001,0.074812158203125,0.07934960937499999,0.042923876953125
2004-02-12 20:22:39,0.061614990234375,0.07698813476562501,0.081461328125,0.043104785156250006
2004-02-12 20:32:39,0.06209091796874999,0.075837109375,0.08092783203125001,0.044374267578125
2004-02-12 20:42:39,0.060782714843749995,0.075890576171875,0.08136718750000001,0.043353076171875005
2004-02-12 20:52:39,0.06226416015624999,0.07571538085937499,0.08127578125,0.045160058593750003
2004-02-12 21:02:39,0.060654931640625,0.076351123046875,0.079166796875,0.044336669921875
2004-02-12 21:12:39,0.060836083984375,0.07514970703125,0.080728125,0.04398735351562501
2004-02-12 21:22:39,0.060680615234375,0.076042822265625,0.079276611328125,0.044346142578125004
2004-02-12 21:32:39,0.060812451171875004,0.07616796875000001,0.0813716796875,0.043722412109375004
2004-02-12 21:42:39,0.060510986328124995,0.07612978515624999,0.08050263671874999,0.043657666015625
2004-02-12 21:52:39,0.060512841796874994,0.07632724609375,0.080492431640625,0.04317763671875
2004-02-12 22:02:39,0.06074648437500001,0.076048974609375,0.080589306640625,0.04435791015625
2004-02-12 22:12:39,0.059399853515625003,0.074861376953125,0.079829443359375,0.04402412109375
2004-02-12 22:22:39,0.06052802734375,0.07673291015625,0.08193452148437501,0.044243603515624993
2004-02-12 22:32:39,0.060770068359375005,0.075723876953125,0.08063427734375002,0.045050341796875004
2004-02-12 22:42:39,0.061740966796875,0.07780322265624999,0.0811603515625,0.044400537109375006
2004-02-12 22:52:39,0.06189384765625,0.076974658203125,0.081865283203125,0.044710107421875
2004-02-12 23:02:39,0.061242285156250006,0.075461669921875,0.079191650390625,0.044678955078125006
2004-02-12 23:12:39,0.060409228515625,0.0767333984375,0.08057822265625,0.044152636718750006
2004-02-12 23:22:39,0.061592333984375004,0.076023095703125,0.080131982421875,0.04375166015625
2004-02-12 23:32:39,0.060021533203125,0.075042236328125,0.07704365234375,0.04395078125
2004-02-12 23:42:39,0.060835693359375,0.076331640625,0.082314794921875,0.04457724609375
2004-02-12 23:52:39,0.060486035156250006,0.07487753906250001,0.08100493164062501,0.043370068359375
2004-02-13 00:02:39,0.05913115234375001,0.07497841796875,0.07952900390624999,0.04443984375
2004-02-13 00:12:39,0.060680371093750005,0.075668310546875,0.07993583984375,0.044061962890625
2004-02-13 00:22:39,0.06073251953125001,0.074541064453125,0.07784628906249999,0.04454150390625
2004-02-13 00:32:39,0.06110258789062502,0.07638618164062501,0.078024267578125,0.043665185546875006
2004-02-13 00:42:39,0.060746923828125,0.075226220703125,0.078772607421875,0.04457861328125
2004-02-13 00:52:39,0.06091245117187501,0.0749498046875,0.078955517578125,0.04350732421875
2004-02-13 01:02:39,0.058880419921875,0.074507275390625,0.07851855468749999,0.044343017578125
2004-02-13 01:12:39,0.06084023437500001,0.076190625,0.08101230468750001,0.044845849609375
2004-02-13 01:22:39,0.061193359375,0.07576923828125001,0.081815283203125,0.0438419921875
2004-02-13 01:32:39,0.06205590820312501,0.07566083984375001,0.079870068359375,0.043572314453125
2004-02-13 01:42:39,0.06005683593750001,0.07526669921875,0.0810203125,0.04422333984375
2004-02-13 01:52:39,0.06057661132812501,0.07536596679687499,0.08169296875000001,0.043523974609375
2004-02-13 02:02:39,0.0593591796875,0.07501508789062501,0.0789294921875,0.044104150390625
2004-02-13 02:12:39,0.06148251953125,0.07577373046875,0.08110507812500001,0.04393291015625
2004-02-13 02:22:39,0.06067919921875,0.07605097656250001,0.07910517578125001,0.04401748046875
2004-02-13 02:32:39,0.061474560546875,0.07594433593750001,0.07998139648437501,0.044492041015625
2004-02-13 02:42:39,0.060369140625000005,0.07639892578125,0.0792626953125,0.044407568359374996
2004-02-13 02:52:39,0.06107197265625001,0.07549501953125001,0.078220556640625,0.044876660156250005
2004-02-13 03:02:39,0.05984189453125001,0.075834033203125,0.079184033203125,0.04427138671875001
2004-02-13 03:12:39,0.061092041015625,0.075343017578125,0.079443603515625,0.04394599609375
2004-02-13 03:22:39,0.06035493164062501,0.075732421875,0.0792701171875,0.044435791015625004
2004-02-13 03:32:39,0.06017919921874999,0.075854931640625,0.079968701171875,0.04399707031250001
2004-02-13 03:42:39,0.06026245117187501,0.076661181640625,0.07849028320312501,0.044150830078125
2004-02-13 03:52:39,0.06067714843750001,0.075924169921875,0.07854501953125001,0.04421411132812501
2004-02-13 04:02:39,0.061193310546875004,0.07642451171875,0.07967285156250001,0.044615625000000006
2004-02-13 04:12:39,0.060404492187500006,0.07535698242187501,0.07892460937500001,0.043872900390625004
2004-02-13 04:22:39,0.059834130859375,0.0757439453125,0.08042138671875002,0.04363198242187501
2004-02-13 04:32:39,0.059873095703125004,0.075293701171875,0.07884951171875,0.043904443359375
2004-02-13 04:42:39,0.06104184570312501,0.07541064453124999,0.079809765625,0.044983496093750006
2004-02-13 04:52:39,0.060097900390625014,0.07587998046875,0.079281787109375,0.04405517578125
2004-02-13 05:02:39,0.06013740234375,0.07422861328125001,0.07923012695312501,0.04362529296875
2004-02-13 05:12:39,0.061294384765625,0.07660434570312499,0.081794970703125,0.045005517578125
2004-02-13 05:22:39,0.059829248046875005,0.075425634765625,0.0794658203125,0.04398154296875
2004-02-13 05:32:39,0.06034975585937501,0.07615693359375,0.07818100585937501,0.0435041015625
2004-02-13 05:42:39,0.0594951171875,0.07474174804687501,0.07967431640625,0.044067041015625
2004-02-13 05:52:39,0.06227158203125001,0.075674365234375,0.080641064453125,0.044513134765625
2004-02-13 06:02:39,0.060693359375,0.075515185546875,0.08098583984375,0.04384921875000001
2004-02-13 06:12:39,0.061147070312499996,0.07702431640625,0.07985249023437499,0.04478354492187501
2004-02-13 06:22:39,0.06067783203125001,0.075371337890625,0.080427001953125,0.044108251953125
2004-02-13 06:32:39,0.06058916015625,0.07609726562500001,0.07805810546875,0.04423613281250001
2004-02-13 06:42:39,0.06125405273437501,0.07606728515625001,0.0808767578125,0.04319814453125
2004-02-13 06:52:39,0.061405859375,0.075170263671875,0.08101997070312501,0.0442158203125
2004-02-13 07:02:39,0.062207568359375,0.07613779296875,0.07912006835937499,0.044289013671875
2004-02-13 07:12:39,0.0603421875,0.07435517578125,0.079493115234375,0.043417822265625
2004-02-13 07:22:39,0.060595703125,0.07682919921875,0.07929423828125001,0.043697119140625004
2004-02-13 07:32:39,0.060213037109375,0.07510620117187501,0.078210791015625,0.04305673828125001
2004-02-13 07:42:39,0.059976318359375,0.0750939453125,0.079209130859375,0.043932421875
2004-02-13 07:52:39,0.060206591796875,0.07532734375000001,0.079372265625,0.04430517578125
2004-02-13 08:02:39,0.05925800781249999,0.074935888671875,0.078027685546875,0.043766503906250004
2004-02-13 08:12:39,0.060104345703125006,0.07614990234375,0.081128466796875,0.043831884765625
2004-02-13 08:22:39,0.05988364257812501,0.07545966796875,0.081519091796875,0.04397275390625
2004-02-13 08:32:39,0.060052490234375,0.07500625000000001,0.079030615234375,0.043596728515625
2004-02-13 08:42:39,0.060548242187500004,0.075629541015625,0.082040380859375,0.043510107421875006
2004-02-13 08:52:39,0.061009326171875,0.076223779296875,0.080195166015625,0.044105859375
2004-02-13 09:02:39,0.06148720703125001,0.07524580078125001,0.080922265625,0.0435998046875
2004-02-13 09:12:39,0.061328515625,0.076666845703125,0.08046030273437502,0.044433154296875
2004-02-13 09:22:39,0.060148974609375,0.07611240234375,0.079763818359375,0.043992041015625004
2004-02-13 09:32:39,0.061196533203125,0.076722216796875,0.080068505859375,0.044654394531249995
2004-02-13 09:42:39,0.059392431640625,0.07556308593750001,0.07714619140625001,0.04283837890625
2004-02-13 09:52:39,0.06043715820312501,0.07584023437500001,0.07772978515625,0.043917236328125
2004-02-13 10:02:39,0.060983251953125,0.075779296875,0.07988583984375,0.044015039062500004
2004-02-13 10:12:39,0.06026875,0.0757138671875,0.08009936523437501,0.044153076171875
2004-02-13 10:22:39,0.06063632812500001,0.07651005859375,0.08095249023437501,0.043817626953125
2004-02-13 10:32:39,0.0598400390625,0.075079638671875,0.08052998046875001,0.04394541015625
2004-02-13 10:42:39,0.05975629882812501,0.07662358398437501,0.08240087890625,0.043657421875000005
2004-02-13 10:52:39,0.06006386718750001,0.075801953125,0.07954433593750002,0.043693505859375
2004-02-13 11:02:39,0.0596734375,0.075937158203125,0.07858583984375,0.044977490234375
2004-02-13 11:12:39,0.059917236328125,0.07487666015625001,0.077993603515625,0.043642529296875
2004-02-13 11:22:39,0.060454345703125,0.076068115234375,0.0796818359375,0.043468212890625
2004-02-13 11:32:39,0.05907358398437499,0.07513476562500002,0.07808925781250001,0.043891015625
2004-02-13 11:42:39,0.061993652343750004,0.07543291015625,0.080119921875,0.044458740234375
2004-02-13 11:52:39,0.06044736328125,0.07624794921875,0.07951142578125,0.04384316406250001
2004-02-13 12:02:39,0.06025131835937501,0.07575302734375,0.0807798828125,0.04486523437499999
2004-02-13 12:12:39,0.060385205078125004,0.075330078125,0.078782666015625,0.04377880859375
2004-02-13 12:22:39,0.061078271484375,0.07512275390624999,0.07751298828125,0.04342197265625
2004-02-13 12:32:39,0.06137294921875001,0.07686293945312501,0.081695263671875,0.044475
2004-02-13 12:42:39,0.062010205078125005,0.076154345703125,0.077539404296875,0.04397695312500001
2004-02-13 12:52:39,0.0604716796875,0.074788623046875,0.07949765625,0.0433962890625
2004-02-13 13:02:39,0.060983984375,0.07550732421875,0.07921728515625,0.043796484375
2004-02-13 13:12:39,0.060281494140625,0.075269580078125,0.07783037109375,0.044399072265625006
2004-02-13 13:22:39,0.061896533203125007,0.07669487304687501,0.07940263671875,0.04419008789062501
2004-02-13 13:32:39,0.0604455078125,0.07519199218750001,0.07711445312500001,0.044299755859375
2004-02-13 13:42:39,0.060856201171875,0.076333935546875,0.08089487304687501,0.043892822265625006
2004-02-13 13:52:39,0.06001259765625,0.075302294921875,0.0765908203125,0.04344990234375
2004-02-13 14:02:39,0.06126215820312499,0.07549067382812501,0.078892724609375,0.042973486328125005
2004-02-13 14:12:39,0.06060610351562501,0.07592202148437502,0.079820849609375,0.04391015625
2004-02-13 14:22:39,0.06108330078125,0.07609052734375,0.07982666015625,0.043897021484375
2004-02-13 14:32:39,0.06134306640625,0.07598740234375,0.07890834960937501,0.044306396484374996
2004-02-13 14:42:39,0.061139453125,0.07667875976562501,0.07909658203125,0.044931982421875
2004-02-13 14:52:39,0.060455664062500004,0.07480048828125,0.077604296875,0.04313471679687501
2004-02-13 15:02:39,0.06175986328125001,0.07551328125,0.07877431640625002,0.04368300781250001
2004-02-13 15:12:39,0.060029638671874996,0.075344482421875,0.07708613281250001,0.04355146484375
2004-02-13 15:22:39,0.059599658203125,0.0755044921875,0.077680712890625,0.043051074218750006
2004-02-13 15:32:39,0.060474072265625,0.0751482421875,0.07686923828125,0.044094189453125
2004-02-13 15:42:39,0.0597294921875,0.075847705078125,0.078287109375,0.04394912109375
2004-02-13 15:52:39,0.061590478515625005,0.07597065429687501,0.07809404296875,0.043981835937500005
2004-02-13 16:02:39,0.059642333984375004,0.07534077148437499,0.07792666015625001,0.043995214843750005
2004-02-13 16:12:39,0.059424658203125015,0.0749603515625,0.07772578125,0.0444447265625
2004-02-13 16:22:39,0.06048623046875,0.075056640625,0.07598793945312501,0.04383730468750001
2004-02-13 16:32:39,0.06022690429687501,0.07525922851562501,0.0771626953125,0.04357973632812501
2004-02-13 16:42:39,0.06019072265625001,0.075537646484375,0.07971220703125001,0.043948046875
2004-02-13 16:52:39,0.059485302734375,0.0745923828125,0.0771919921875,0.043131054687499996
2004-02-13 17:02:39,0.061540429687499995,0.0754904296875,0.079126904296875,0.04415625
2004-02-13 17:12:39,0.060072363281250006,0.075656201171875,0.079823974609375,0.043455908203125004
2004-02-13 17:22:39,0.061408789062500004,0.075826171875,0.07857929687500001,0.044124267578125
2004-02-13 17:32:39,0.060334765624999995,0.07584594726562499,0.08101904296875,0.0440611328125
2004-02-13 17:42:39,0.061819531250000004,0.07587392578125,0.07894433593750001,0.045658593750000004
2004-02-13 17:52:39,0.05926127929687501,0.074926318359375,0.076826806640625,0.043550146484375
2004-02-13 18:02:39,0.060583691406249994,0.075729296875,0.07769873046875,0.044301171875
2004-02-13 18:12:39,0.059595996093750006,0.07507919921875,0.077058740234375,0.0429408203125
2004-02-13 18:22:39,0.06155981445312499,0.074946875,0.07918906249999999,0.044725
2004-02-13 18:32:39,0.06117045898437501,0.075274755859375,0.07671699218750001,0.044379980468750004
2004-02-13 18:42:39,0.060975634765624995,0.075334521484375,0.07653134765625,0.044205664062500004
2004-02-13 18:52:39,0.061459423828125005,0.07542197265625,0.080224951171875,0.044670751953125
2004-02-13 19:02:39,0.06009228515625,0.075856982421875,0.07877978515624999,0.044406494140625
2004-02-13 19:12:39,0.059943505859375,0.075791845703125,0.080975634765625,0.043321484375000004
2004-02-13 19:22:39,0.0592443359375,0.07390122070312502,0.07850898437500001,0.042873486328125
2004-02-13 19:32:39,0.06038212890625001,0.075940869140625,0.07867705078125001,0.044086718750000004
2004-02-13 19:42:39,0.0604736328125,0.07489697265625,0.07773911132812499,0.044247021484374996
2004-02-13 19:52:39,0.062166455078124995,0.07610957031250001,0.07956328124999999,0.0439873046875
2004-02-13 20:02:39,0.060528564453125,0.074893701171875,0.07781489257812499,0.04408359375
2004-02-13 20:12:39,0.06018378906250001,0.075951708984375,0.079371923828125,0.043324023437500005
2004-02-13 20:22:39,0.060938330078125005,0.07568935546875001,0.07927915039062501,0.044488671875000003
2004-02-13 20:32:39,0.059733007812499996,0.07436430664062502,0.078052001953125,0.044238818359375
2004-02-13 20:42:39,0.05966455078124999,0.07520556640625001,0.077323388671875,0.043511474609375
2004-02-13 20:52:39,0.05973803710937501,0.074567724609375,0.077852734375,0.043917822265625
2004-02-13 21:02:39,0.060894775390625,0.07587065429687499,0.0771673828125,0.044324658203125
2004-02-13 21:12:39,0.060446093750000006,0.07608583984375,0.077555224609375,0.044854052734375004
2004-02-13 21:22:39,0.060671582031250004,0.073891748046875,0.075866162109375,0.043139062500000006
2004-02-13 21:32:39,0.05993408203125,0.07388583984375,0.07722587890624999,0.043313330078125004
2004-02-13 21:42:39,0.06166845703125001,0.07587416992187498,0.078940673828125,0.044813720703125004
2004-02-13 21:52:39,0.06085458984375001,0.07541279296875,0.079640966796875,0.04414013671875
2004-02-13 22:02:39,0.06080751953125,0.074721728515625,0.07854384765625,0.042947607421875006
2004-02-13 22:12:39,0.061980712890625,0.07591865234375,0.08054877929687501,0.044799755859375
2004-02-13 22:22:39,0.061027929687499996,0.07502612304687499,0.07839990234375001,0.044763232421875
2004-02-13 22:32:39,0.060548193359375,0.075246533203125,0.07722856445312501,0.044763037109375
2004-02-13 22:42:39,0.06128935546875001,0.07549497070312501,0.07961333007812502,0.04407724609375
2004-02-13 22:52:39,0.06117880859375,0.074687548828125,0.07720546875,0.044074609375000004
2004-02-13 23:02:39,0.06173798828125,0.075790771484375,0.078434326171875,0.04442841796875
2004-02-13 23:12:39,0.061184326171875004,0.07475532226562501,0.07665498046875,0.043780371093750006
2004-02-13 23:22:39,0.060832666015625016,0.074841162109375,0.077788427734375,0.044089794921875
2004-02-13 23:32:39,0.059829638671875005,0.0748919921875,0.077781884765625,0.043486035156250005
2004-02-13 23:42:39,0.06106723632812501,0.074635400390625,0.07796562500000001,0.04344736328125
2004-02-13 23:52:39,0.061001904296875006,0.074126416015625,0.07817080078125001,0.043681494140625
2004-02-14 00:02:39,0.06041362304687501,0.0743083984375,0.078068994140625,0.044041748046875
2004-02-14 00:12:39,0.05996123046875,0.074677587890625,0.07795307617187501,0.04355693359375
2004-02-14 00:22:39,0.06019365234375,0.07498237304687501,0.077625634765625,0.044557910156250005
2004-02-14 00:32:39,0.06152353515625001,0.07555078125,0.07733149414062501,0.04391318359375
2004-02-14 00:42:39,0.061168798828125,0.07546044921875,0.07899228515625001,0.044504150390625004
2004-02-14 00:52:39,0.06085590820312501,0.07505107421875,0.0760671875,0.0446890625
2004-02-14 01:02:39,0.061240966796875004,0.07474931640625,0.07908129882812501,0.04527724609375
2004-02-14 01:12:39,0.060006494140625,0.07506904296875,0.07519897460937501,0.04381533203125
2004-02-14 01:22:39,0.061500781250000004,0.075199462890625,0.07856328125,0.045405224609375
2004-02-14 01:32:39,0.060510986328124995,0.07535590820312502,0.07639501953125001,0.043384960937499994
2004-02-14 01:42:39,0.061434863281249995,0.074777685546875,0.0765103515625,0.044046191406250004
2004-02-14 01:52:39,0.061867724609374994,0.07502133789062501,0.07923486328125,0.043855419921875
2004-02-14 02:02:39,0.061620410156250006,0.075595654296875,0.077450537109375,0.04405244140625
2004-02-14 02:12:39,0.06088505859375,0.075129248046875,0.07792490234375,0.044742822265625
2004-02-14 02:22:39,0.06074467773437501,0.07466884765625001,0.077510888671875,0.043933447265625
2004-02-14 02:32:39,0.06134833984375001,0.074798095703125,0.07716171875000001,0.043665869140625
2004-02-14 02:42:39,0.06020771484375,0.073751953125,0.07785854492187501,0.043968798828125
2004-02-14 02:52:39,0.0608783203125,0.07506005859375,0.0800380859375,0.04515029296875
2004-02-14 03:02:39,0.059485205078125006,0.0740181640625,0.0760591796875,0.043870654296875
2004-02-14 03:12:39,0.060624511718749996,0.0759642578125,0.07700034179687501,0.043995947265625
2004-02-14 03:22:39,0.06126865234375001,0.07537294921875,0.07968417968750001,0.044419921875000004
2004-02-14 03:32:39,0.05971533203125,0.07555571289062499,0.08025781250000001,0.044594775390624994
2004-02-14 03:42:39,0.0607826171875,0.075280615234375,0.0769822265625,0.04478984375
2004-02-14 03:52:39,0.060064697265625,0.074862939453125,0.08095126953125001,0.044783691406250006
2004-02-14 04:02:39,0.06013188476562501,0.07603818359375,0.07788398437499999,0.044471533203125004
2004-02-14 04:12:39,0.05983247070312501,0.07448134765625,0.076453369140625,0.04397353515625
2004-02-14 04:22:39,0.059942089843750004,0.07570341796874999,0.076838525390625,0.044329296875
2004-02-14 04:32:39,0.0617685546875,0.075205224609375,0.078288916015625,0.043907666015625
2004-02-14 04:42:39,0.06061796875000001,0.074761865234375,0.07777153320312499,0.043841552734375004
2004-02-14 04:52:39,0.060332958984375004,0.074928076171875,0.078385400390625,0.044326171875
2004-02-14 05:02:39,0.06055107421875,0.075571337890625,0.078127099609375,0.04446455078125
2004-02-14 05:12:39,0.060466162109375,0.075522607421875,0.077231689453125,0.044004150390625
2004-02-14 05:22:39,0.060803271484375,0.07540834960937501,0.07755087890625,0.044786718749999996
2004-02-14 05:32:39,0.05950224609375001,0.07415498046874999,0.076556591796875,0.0435875
2004-02-14 05:42:39,0.061728955078125,0.076190478515625,0.078904248046875,0.043791455078125
2004-02-14 05:52:39,0.06114384765625001,0.075473486328125,0.077748291015625,0.044414453124999996
2004-02-14 06:02:39,0.061066650390625,0.07541020507812499,0.077121435546875,0.043940283203125
2004-02-14 06:12:39,0.061123876953125,0.07449609375,0.077760009765625,0.0442724609375
2004-02-14 06:22:39,0.05973530273437501,0.073982958984375,0.078685498046875,0.043219921875000004
2004-02-14 06:32:39,0.05989277343750001,0.07513251953125001,0.07793056640625,0.043522265625
2004-02-14 06:42:39,0.06193354492187501,0.074398193359375,0.07837568359375,0.044060302734375
2004-02-14 06:52:39,0.06150473632812501,0.07512685546875,0.0765541015625,0.04380800781250001
2004-02-14 07:02:39,0.061249609375,0.07546181640625,0.078433544921875,0.044720751953125006
2004-02-14 07:12:39,0.06162392578125,0.07491376953125001,0.07957973632812501,0.04394931640625001
2004-02-14 07:22:39,0.059832861328125,0.0750451171875,0.07857060546875001,0.04393115234375
2004-02-14 07:32:39,0.06017080078125,0.074791650390625,0.07726435546875,0.044603076171875
2004-02-14 07:42:39,0.06106171875000001,0.074866259765625,0.07751469726562502,0.043198828125
2004-02-14 07:52:39,0.06151791992187501,0.074748876953125,0.07630927734375001,0.044899023437500005
2004-02-14 08:02:39,0.060233154296875,0.074952197265625,0.077158251953125,0.043798876953125
2004-02-14 08:12:39,0.061496826171875,0.07462353515625,0.07898442382812501,0.044156103515625
2004-02-14 08:22:39,0.061527880859374995,0.07492236328125,0.0775484375,0.044625048828125
2004-02-14 08:32:39,0.06209296875000001,0.07499638671875,0.0778001953125,0.044117138671875
2004-02-14 08:42:39,0.06052500000000001,0.0746259765625,0.075941259765625,0.043775488281250004
2004-02-14 08:52:39,0.06178310546875,0.07448520507812499,0.076533203125,0.04412490234375
2004-02-14 09:02:39,0.060192285156250004,0.074238525390625,0.07496767578125,0.043917529296875
2004-02-14 09:12:39,0.06121874999999999,0.0748734375,0.07677958984375001,0.043947900390625
2004-02-14 09:22:39,0.060750732421874995,0.07394716796875,0.07776494140625,0.04390605468750001
2004-02-14 09:32:39,0.060481689453125,0.07282329101562501,0.07733154296875,0.04342841796875
2004-02-14 09:42:39,0.061139648437500006,0.07423955078125,0.078564794921875,0.0435677734375
2004-02-14 09:52:39,0.061593603515625,0.07506005859375,0.07710126953125,0.04441875000000001
2004-02-14 10:02:39,0.059919531250000005,0.07407197265625001,0.07582099609375001,0.04387099609375
2004-02-14 10:12:39,0.060994091796875004,0.075731640625,0.07763427734374999,0.043547070312500005
2004-02-14 10:22:39,0.05991386718750001,0.073965087890625,0.076581201171875,0.043572021484375
2004-02-14 10:32:39,0.060801806640625,0.07574809570312499,0.07817192382812502,0.04419301757812501
2004-02-14 10:42:39,0.060123730468750004,0.0743322265625,0.075874365234375,0.043823193359375
2004-02-14 10:52:39,0.060857861328125006,0.07578242187499999,0.0765517578125,0.044389892578125
2004-02-14 11:02:39,0.060174658203124995,0.0736900390625,0.07877026367187501,0.044275146484375
2004-02-14 11:12:39,0.0613154296875,0.0751615234375,0.08028154296875001,0.045103906250000006
2004-02-14 11:22:39,0.060545800781250006,0.07458393554687501,0.081144384765625,0.045274560546875
2004-02-14 11:32:39,0.061403076171875,0.07510439453125,0.07777363281250001,0.044760839843750004
2004-02-14 11:42:39,0.06031049804687501,0.0741515625,0.07788666992187501,0.044624169921875
2004-02-14 11:52:39,0.061759472656250015,0.07425883789062501,0.07789936523437499,0.044646777343750006
2004-02-14 12:02:39,0.06099384765625,0.075592529296875,0.081576708984375,0.043968603515625
2004-02-14 12:12:39,0.060786523437500004,0.07512529296875001,0.078855908203125,0.045051367187500004
2004-02-14 12:22:39,0.061414111328125,0.0746150390625,0.078020947265625,0.043866015625
2004-02-14 12:32:39,0.06244853515625,0.07529375,0.078125146484375,0.044411572265625
2004-02-14 12:42:39,0.059459277343750006,0.07492265625000001,0.078871826171875,0.043689599609375004
2004-02-14 12:52:39,0.060735205078125,0.07411420898437501,0.0769130859375,0.044583251953125
2004-02-14 13:02:39,0.059924365234375,0.07450961914062501,0.07786142578125001,0.043507128906250005
2004-02-14 13:12:39,0.06184033203125,0.074273974609375,0.07731430664062501,0.044160009765625
2004-02-14 13:22:39,0.06068583984375,0.074053759765625,0.07536020507812499,0.04424423828125
2004-02-14 13:32:39,0.06126445312499999,0.074341748046875,0.07591806640625001,0.04414375
2004-02-14 13:42:39,0.06081533203125,0.075341162109375,0.07693496093749999,0.0439646484375
2004-02-14 13:52:39,0.05999589843749999,0.07371806640625,0.076469970703125,0.044024169921875
2004-02-14 14:02:39,0.06110375976562501,0.07458310546875,0.075409765625,0.044966650390625
2004-02-14 14:12:39,0.06157539062499999,0.075980859375,0.0790037109375,0.044227685546875
2004-02-14 14:22:39,0.06203159179687501,0.07579658203125,0.078470703125,0.0443638671875
2004-02-14 14:32:39,0.061577099609375005,0.07433359375,0.07424384765625,0.043741357421875
2004-02-14 14:42:39,0.060446923828125,0.074340283203125,0.07514936523437502,0.044547070312500006
2004-02-14 14:52:39,0.061389013671875006,0.07483198242187501,0.07711474609374999,0.044202539062500004
2004-02-14 15:02:39,0.060815283203125,0.07403251953125001,0.07729335937500001,0.043103759765625006
2004-02-14 15:12:39,0.061808251953125004,0.07470068359375001,0.076393603515625,0.043782958984374995
2004-02-14 15:22:39,0.06015454101562501,0.07388012695312499,0.07736640625,0.043658300781250006
2004-02-14 15:32:39,0.06073818359375001,0.07443740234375,0.077055810546875,0.043798730468750005
2004-02-14 15:42:39,0.060311572265625,0.07433198242187501,0.0757361328125,0.04326396484375
2004-02-14 15:52:39,0.061462353515625,0.07450576171875001,0.07754169921875001,0.04393510742187501
2004-02-14 16:02:39,0.061589453125000006,0.073372314453125,0.077566748046875,0.044076611328125
2004-02-14 16:12:39,0.0601255859375,0.075599951171875,0.07610449218750001,0.044310400390625004
2004-02-14 16:22:39,0.061396142578125,0.0741341796875,0.07672104492187501,0.044129931640624995
2004-02-14 16:32:39,0.06144804687500001,0.075152294921875,0.0772423828125,0.04396640625
2004-02-14 16:42:39,0.060296923828125,0.074452001953125,0.07738310546875,0.043867041015625004
2004-02-14 16:52:39,0.06168808593749999,0.07525151367187499,0.07632451171875,0.043964501953125
2004-02-14 17:02:39,0.059888525390625,0.07389965820312501,0.07854873046875,0.044592773437500004
2004-02-14 17:12:39,0.061401806640625,0.075277001953125,0.07783642578125001,0.043997705078125005
2004-02-14 17:22:39,0.061594482421875,0.07500332031250001,0.07635908203125,0.043877197265625
2004-02-14 17:32:39,0.061064697265625,0.07420576171875,0.07661186523437499,0.044146044921875
2004-02-14 17:42:39,0.060347949218749995,0.074654736328125,0.077449462890625,0.043885595703125
2004-02-14 17:52:39,0.059197363281250005,0.07444956054687499,0.075755712890625,0.044502978515625
2004-02-14 18:02:39,0.059457177734375,0.074066162109375,0.075276904296875,0.0436439453125
2004-02-14 18:12:39,0.060333544921874996,0.07416064453125,0.077070751953125,0.043111425781250004
2004-02-14 18:22:39,0.061313574218750014,0.07453212890625001,0.07630908203125,0.043953076171875
2004-02-14 18:32:39,0.05925786132812501,0.074716845703125,0.076416064453125,0.044201611328125
2004-02-14 18:42:39,0.06238193359375001,0.07551723632812499,0.07791669921875001,0.04434814453125
2004-02-14 18:52:39,0.06140317382812501,0.074777734375,0.07777866210937501,0.044701074218750005
2004-02-14 19:02:39,0.061934033203125,0.0746900390625,0.077345166015625,0.04378720703125
2004-02-14 19:12:39,0.06097177734375001,0.075020751953125,0.07651416015625,0.044835302734375006
2004-02-14 19:22:39,0.06081928710937501,0.07455507812500001,0.075505126953125,0.04341816406250001
2004-02-14 19:32:39,0.060480517578125004,0.07415322265625,0.07646435546875001,0.04388046875
2004-02-14 19:42:39,0.060902587890625005,0.07423681640625,0.0780330078125,0.0439474609375
2004-02-14 19:52:39,0.060321875000000004,0.07223056640625,0.076570703125,0.04435517578125
2004-02-14 20:02:39,0.061469580078124995,0.07432646484375,0.07799145507812501,0.044375439453125
2004-02-14 20:12:39,0.060384716796875,0.07439116210937499,0.07822861328125,0.044043603515624995
2004-02-14 20:22:39,0.061996240234375,0.0741125,0.07753540039062501,0.04438637695312501
2004-02-14 20:32:39,0.060782568359375,0.072997119140625,0.07616318359375,0.04441640625
2004-02-14 20:42:39,0.060760888671875,0.07371875,0.07565922851562501,0.04315546875
2004-02-14 20:52:39,0.05958745117187501,0.072944677734375,0.07580170898437501,0.04292763671875
2004-02-14 21:02:39,0.060476074218749995,0.07342158203125,0.077526611328125,0.04409365234375
2004-02-14 21:12:39,0.06076538085937501,0.07454462890625,0.078435888671875,0.044135058593750005
2004-02-14 21:22:39,0.060550976562500004,0.0747076171875,0.07612241210937501,0.044126416015625
2004-02-14 21:32:39,0.06115634765625,0.0745423828125,0.07646762695312499,0.044147558593750004
2004-02-14 21:42:39,0.05999667968750001,0.07450380859375001,0.07451557617187501,0.044013623046875
2004-02-14 21:52:39,0.06182353515625001,0.07521191406250001,0.077733740234375,0.0436921875
2004-02-14 22:02:39,0.061579003906250006,0.07475219726562501,0.07702246093750001,0.04415029296875
2004-02-14 22:12:39,0.06012680664062501,0.074334130859375,0.07719560546875001,0.043744921874999995
2004-02-14 22:22:39,0.06092690429687501,0.07476298828125001,0.076075,0.043748046875
2004-02-14 22:32:39,0.06042661132812501,0.07419213867187499,0.077169482421875,0.043535498046875
2004-02-14 22:42:39,0.059454638671875004,0.073146826171875,0.07477875976562501,0.04335517578125
2004-02-14 22:52:39,0.0606060546875,0.07354975585937501,0.076614501953125,0.043962597656250005
2004-02-14 23:02:39,0.061344287109375006,0.074097705078125,0.0772693359375,0.044406787109375
2004-02-14 23:12:39,0.06121801757812499,0.07449160156250001,0.078164404296875,0.0445130859375
2004-02-14 23:22:39,0.06043359375,0.074920556640625,0.07755761718750001,0.043831103515625004
2004-02-14 23:32:39,0.060959863281250005,0.074205517578125,0.07661752929687501,0.044257666015625
2004-02-14 23:42:39,0.061008349609375,0.074812744140625,0.07915009765625,0.044157666015625
2004-02-14 23:52:39,0.060600146484375006,0.07411181640625,0.075680908203125,0.043238720703125
2004-02-15 00:02:39,0.06161357421875,0.07401445312499999,0.0764171875,0.043767578125
2004-02-15 00:12:39,0.059737695312500005,0.07378916015625,0.07682138671875001,0.043597607421875004
2004-02-15 00:22:39,0.059270117187500006,0.074537060546875,0.07442197265625,0.044363623046875
2004-02-15 00:32:39,0.05980400390625,0.07396186523437501,0.076216650390625,0.04394223632812501
2004-02-15 00:42:39,0.061270361328125,0.07359716796875,0.07682299804687501,0.044045361328125
2004-02-15 00:52:39,0.06143388671875,0.074382958984375,0.0761927734375,0.04354921875000001
2004-02-15 01:02:39,0.060029296875000006,0.074468505859375,0.079345263671875,0.043580468750000004
2004-02-15 01:12:39,0.06137993164062501,0.0746826171875,0.07630361328125,0.045298095703125
2004-02-15 01:22:39,0.0608064453125,0.07403769531250001,0.0752955078125,0.044108837890625
2004-02-15 01:32:39,0.060473779296874995,0.073323388671875,0.075531640625,0.043837744140625
2004-02-15 01:42:39,0.0599376953125,0.07423295898437501,0.075701416015625,0.043446093750000005
2004-02-15 01:52:39,0.06177529296874999,0.073413330078125,0.07716918945312501,0.0434732421875
2004-02-15 02:02:39,0.061136816406249996,0.07477963867187501,0.080045654296875,0.044364013671875
2004-02-15 02:12:39,0.06111855468750001,0.07309672851562501,0.07721552734375,0.043959228515625004
2004-02-15 02:22:39,0.060760546875,0.074484228515625,0.078567431640625,0.043183154296875
2004-02-15 02:32:39,0.059349609375,0.07281870117187499,0.078041748046875,0.043325878906250004
2004-02-15 02:42:39,0.060456201171875,0.07504145507812501,0.07728627929687501,0.04445908203125
2004-02-15 02:52:39,0.060123291015625004,0.07376357421875,0.07758212890625,0.043323388671875004
2004-02-15 03:02:39,0.059873291015624996,0.07275869140624999,0.075618505859375,0.044783007812500004
2004-02-15 03:12:39,0.059211523437500004,0.07471186523437501,0.0765814453125,0.04351787109375001
2004-02-15 03:22:39,0.06146669921875001,0.073433251953125,0.07821943359375,0.044427197265625
2004-02-15 03:32:39,0.061616796875000004,0.074644873046875,0.0759962890625,0.044277832031250006
2004-02-15 03:42:39,0.061251416015625004,0.073750927734375,0.07713627929687501,0.04365166015625001
2004-02-15 03:52:39,0.06140732421875,0.07549931640625,0.07806259765624998,0.04426484375
2004-02-15 04:02:39,0.062247900390625,0.07488681640625,0.07742583007812501,0.04331142578125
2004-02-15 04:12:39,0.061873583984375,0.075081396484375,0.07688833007812501,0.04377602539062501
2004-02-15 04:22:39,0.06089462890624999,0.0743228515625,0.07665908203125,0.04426533203125001
2004-02-15 04:32:39,0.060629443359375014,0.074858447265625,0.07718432617187501,0.044107861328125005
2004-02-15 04:42:39,0.061670654296874995,0.073924560546875,0.07662084960937501,0.043784130859375006
2004-02-15 04:52:39,0.058806298828125006,0.07312890624999999,0.07420927734375,0.043361328125
2004-02-15 05:02:39,0.06097724609375001,0.07405947265625,0.07859931640625,0.043698632812500006
2004-02-15 05:12:39,0.060900048828125,0.074164697265625,0.07703046875,0.04389716796875
2004-02-15 05:22:39,0.059427587890625,0.07310620117187501,0.075479248046875,0.04343955078125
2004-02-15 05:32:39,0.06044697265625001,0.07448979492187499,0.07761533203125,0.043218359375
2004-02-15 05:42:39,0.05829340820312501,0.072642431640625,0.07392880859374999,0.04350600585937501
2004-02-15 05:52:39,0.060828369140625005,0.073486279296875,0.075211376953125,0.044237646484375
2004-02-15 06:02:39,0.0604595703125,0.073839892578125,0.07690747070312501,0.044406396484375
2004-02-15 06:12:39,0.060357275390625,0.07466420898437501,0.075704736328125,0.043424462890625
2004-02-15 06:22:39,0.060023583984375,0.07251733398437502,0.075791845703125,0.043638134765625
2004-02-15 06:32:39,0.060301708984375,0.073628076171875,0.07804072265624999,0.0433546875
2004-02-15 06:42:39,0.059980029296875,0.073317041015625,0.07672641601562499,0.04467724609375
2004-02-15 06:52:39,0.060738818359375,0.07312861328125,0.07669838867187499,0.043697802734375
2004-02-15 07:02:39,0.06074658203125001,0.075226611328125,0.07651640625,0.0443166015625
2004-02-15 07:12:39,0.060095361328125006,0.07396083984374999,0.07660156250000001,0.04356044921875
2004-02-15 07:22:39,0.06008349609375001,0.07214199218749999,0.075310400390625,0.044187646484374996
2004-02-15 07:32:39,0.060696484375000005,0.07408583984375,0.07758623046874999,0.043646337890625
2004-02-15 07:42:39,0.060730517578125,0.07399238281250001,0.077205322265625,0.043926171875
2004-02-15 07:52:39,0.060631787109375,0.07376694335937499,0.076850048828125,0.04333583984375
2004-02-15 08:02:39,0.06134345703125001,0.073816845703125,0.07601474609375,0.043955908203125005
2004-02-15 08:12:39,0.060620068359375015,0.07312592773437501,0.076695703125,0.044380273437500006
2004-02-15 08:22:39,0.060356787109375,0.07310239257812501,0.075491162109375,0.043016064453125
2004-02-15 08:32:39,0.060161425781250014,0.074402587890625,0.07767900390625,0.044456884765625
2004-02-15 08:42:39,0.061542626953125,0.074541015625,0.07686787109375,0.043868798828125
2004-02-15 08:52:39,0.06079077148437499,0.073527294921875,0.07693544921875,0.044000830078125004
2004-02-15 09:02:39,0.06059833984375,0.074465380859375,0.07829560546875,0.04369189453125
2004-02-15 09:12:39,0.060271191406250015,0.074156201171875,0.07568818359375,0.04376923828125
2004-02-15 09:22:39,0.061245703124999995,0.07473955078125001,0.077800244140625,0.044333740234374995
2004-02-15 09:32:39,0.06065537109375,0.0738443359375,0.07642265625,0.044212060546875
2004-02-15 09:42:39,0.060508740234375004,0.073524462890625,0.07737910156250001,0.043251318359375
2004-02-15 09:52:39,0.05988056640625,0.0736779296875,0.0763810546875,0.045047705078125
2004-02-15 10:02:39,0.0606849609375,0.074630029296875,0.07723276367187501,0.044175634765625
2004-02-15 10:12:39,0.061262792968750014,0.07383076171875,0.0763671875,0.043859814453125
2004-02-15 10:22:39,0.06123774414062501,0.07384345703125,0.0762580078125,0.043890087890625
2004-02-15 10:32:39,0.06095781250000001,0.074497705078125,0.076285693359375,0.043230810546875
2004-02-15 10:42:39,0.060306250000000006,0.07322880859375,0.07518696289062501,0.043279541015625006
2004-02-15 10:52:39,0.061288525390625,0.074113232421875,0.0769443359375,0.04378984375
2004-02-15 11:02:39,0.061652734375000004,0.07476030273437499,0.07606767578125,0.04354912109375
2004-02-15 11:12:39,0.060571484375,0.07373437499999999,0.078334619140625,0.04499072265625
2004-02-15 11:22:39,0.06018071289062501,0.072934130859375,0.07664956054687501,0.0435369140625
2004-02-15 11:32:39,0.061555419921875,0.07499052734375,0.07493876953125,0.044545458984375
2004-02-15 11:42:39,0.06178876953125001,0.073755322265625,0.07618964843750001,0.044049755859375
2004-02-15 11:52:39,0.060815478515625,0.0741455078125,0.078238671875,0.043642724609375
2004-02-15 12:02:39,0.06124853515624999,0.0739583984375,0.075849169921875,0.043488232421875
2004-02-15 12:12:39,0.060543115234375014,0.073485888671875,0.076079248046875,0.043940771484375
2004-02-15 12:22:39,0.06052524414062501,0.07438457031250001,0.0781458984375,0.04417490234375
2004-02-15 12:32:39,0.060918115234375,0.073340380859375,0.077640673828125,0.042916162109375
2004-02-15 12:42:39,0.061788037109375006,0.07420341796875,0.07959267578125,0.044317919921875004
2004-02-15 12:52:39,0.061649707031250014,0.07432919921875,0.07582421874999999,0.04374077148437501
2004-02-15 13:02:39,0.061665673828125,0.074046484375,0.076447119140625,0.044804296875
2004-02-15 13:12:39,0.059931201171875004,0.074048681640625,0.07550126953125,0.044022558593750004
2004-02-15 13:22:39,0.059951123046875,0.07397236328125,0.076821923828125,0.043493554687500005
2004-02-15 13:32:39,0.060586376953125,0.074440771484375,0.0770775390625,0.044252392578125
2004-02-15 13:42:39,0.062081689453125,0.0745771484375,0.07746284179687499,0.043864599609375
2004-02-15 13:52:39,0.06075234375000001,0.074316259765625,0.07703315429687499,0.04308115234375
2004-02-15 14:02:39,0.062052783203124996,0.07425810546875,0.07787900390625,0.04389912109375001
2004-02-15 14:12:39,0.0621291015625,0.074091650390625,0.077455078125,0.044021044921875
2004-02-15 14:22:39,0.061879980468750005,0.07369140625000001,0.075899609375,0.044326416015625
2004-02-15 14:32:39,0.06116948242187501,0.07375800781250001,0.07465439453125,0.044229443359374995
2004-02-15 14:42:39,0.060834326171874994,0.07422783203125001,0.07612656250000001,0.043882373046875
2004-02-15 14:52:39,0.062806591796875,0.07503876953125,0.0769548828125,0.044900927734375
2004-02-15 15:02:39,0.062000195312500006,0.07381381835937499,0.078163525390625,0.044578173828125
2004-02-15 15:12:39,0.061616503906249995,0.074648193359375,0.076161767578125,0.044314599609375
2004-02-15 15:22:39,0.06251484375000001,0.07502294921875,0.080418115234375,0.045116796875
2004-02-15 15:32:39,0.06145122070312501,0.075219580078125,0.078205224609375,0.04407080078125
2004-02-15 15:42:39,0.06086855468750001,0.07341513671875,0.07655468750000001,0.044133251953125
2004-02-15 15:52:39,0.06103349609375001,0.0739603515625,0.07629750976562501,0.043325244140625
2004-02-15 16:02:39,0.06000620117187501,0.07307167968750002,0.07511943359374999,0.043666064453125
2004-02-15 16:12:39,0.0611408203125,0.07430917968750002,0.078467431640625,0.04338193359375
2004-02-15 16:22:39,0.060398876953125,0.072561181640625,0.076808984375,0.04362080078125
2004-02-15 16:32:39,0.06162910156250001,0.07415014648437498,0.07863701171875001,0.044421484375
2004-02-15 16:42:39,0.059661865234375,0.073156884765625,0.07595322265625,0.04286801757812501
2004-02-15 16:52:39,0.06050654296875,0.074214208984375,0.077982763671875,0.04382236328125
2004-02-15 17:02:39,0.060943603515625014,0.07436933593749999,0.075932177734375,0.044549169921875006
2004-02-15 17:12:39,0.061735693359374996,0.073943212890625,0.07614365234375,0.043504443359375
2004-02-15 17:22:39,0.05996416015625,0.07244223632812499,0.076272412109375,0.04452626953125
2004-02-15 17:32:39,0.062056933593749995,0.0748587890625,0.07608979492187501,0.04353168945312501
2004-02-15 17:42:39,0.061358398437499996,0.07338730468750002,0.077302880859375,0.0435794921875
2004-02-15 17:52:39,0.06073486328125001,0.07393818359375,0.07726171875000001,0.043671484375
2004-02-15 18:02:39,0.061094775390625,0.07291938476562501,0.07617812500000001,0.044354492187500004
2004-02-15 18:12:39,0.06068974609375001,0.07366083984375,0.0773537109375,0.043166845703125
2004-02-15 18:22:39,0.06117656250000001,0.07399716796875,0.078577197265625,0.04338369140625
2004-02-15 18:32:39,0.05951474609375,0.07290927734375,0.07654150390625,0.043481250000000006
2004-02-15 18:42:39,0.060450195312499996,0.07355625000000002,0.076993505859375,0.04371103515625001
2004-02-15 18:52:39,0.060219140625,0.07447880859375,0.075766650390625,0.043923876953125
2004-02-15 19:02:39,0.05954770507812501,0.07352158203124999,0.076333154296875,0.04429672851562501
2004-02-15 19:12:39,0.06060078125,0.072853173828125,0.077093505859375,0.043581640625
2004-02-15 19:22:39,0.0602,0.074030078125,0.07664384765625,0.04365541992187501
2004-02-15 19:32:39,0.060284277343750005,0.072585595703125,0.07642529296875,0.043938720703125
2004-02-15 19:42:39,0.059931640625000004,0.07305673828125,0.076638134765625,0.044274853515625004
2004-02-15 19:52:39,0.061803466796875005,0.07444482421875001,0.0773951171875,0.0441650390625
2004-02-15 20:02:39,0.059112109375,0.073294287109375,0.07533139648437501,0.043487158203125
2004-02-15 20:12:39,0.05939672851562501,0.073232470703125,0.075815380859375,0.042776953125
2004-02-15 20:22:39,0.060980126953125005,0.073031640625,0.076006103515625,0.044228027343750004
2004-02-15 20:32:39,0.061084326171875,0.07305126953125,0.0760654296875,0.0444671875
2004-02-15 20:42:39,0.06146030273437501,0.073409130859375,0.075826611328125,0.044062060546875004
2004-02-15 20:52:39,0.06013095703125,0.073293212890625,0.07383359375000001,0.043315234375
2004-02-15 21:02:39,0.061262109375,0.07311079101562501,0.07496225585937501,0.043507373046875
2004-02-15 21:12:39,0.06078383789062501,0.073124755859375,0.076650390625,0.04445966796875
2004-02-15 21:22:39,0.061648144531250004,0.074133642578125,0.0775791015625,0.044886669921875
2004-02-15 21:32:39,0.060716748046875005,0.0742462890625,0.076726123046875,0.043429638671875
2004-02-15 21:42:39,0.060460693359375005,0.07306982421875,0.078121337890625,0.0430759765625
2004-02-15 21:52:39,0.059829931640625,0.07228408203125,0.07513706054687501,0.043882031249999995
2004-02-15 22:02:39,0.061132519531250006,0.07362470703125,0.07562573242187501,0.043730615234375006
2004-02-15 22:12:39,0.061449755859374997,0.073311328125,0.0772763671875,0.04376337890625
2004-02-15 22:22:39,0.061097021484375014,0.074635400390625,0.077049072265625,0.043687939453125005
2004-02-15 22:32:39,0.06256396484375,0.07450019531249999,0.07717265625,0.044617041015625004
2004-02-15 22:42:39,0.061390185546875,0.07439707031250001,0.07745468750000001,0.044105126953125004
2004-02-15 22:52:39,0.06198276367187501,0.073717138671875,0.0762046875,0.044266357421875
2004-02-15 23:02:39,0.062387744140625,0.074656005859375,0.07763369140625001,0.04416689453125
2004-02-15 23:12:39,0.062484667968750005,0.07416201171875,0.07672778320312501,0.043698681640625
2004-02-15 23:22:39,0.06155986328125,0.074547705078125,0.076465283203125,0.044013769531250004
2004-02-15 23:32:39,0.06118554687500001,0.074021142578125,0.07636821289062501,0.043786572265625004
2004-02-15 23:42:39,0.06132294921875001,0.07332509765625,0.0793259765625,0.043318847656250006
2004-02-15 23:52:39,0.0641630859375,0.074462451171875,0.07792421875,0.044518212890625
2004-02-16 00:02:39,0.06074990234375001,0.07368388671875001,0.07703041992187501,0.044209912109375006
2004-02-16 00:12:39,0.061643603515625,0.07259135742187499,0.076424609375,0.044188037109375
2004-02-16 00:22:39,0.060910107421875005,0.07355356445312501,0.077086328125,0.04440625
2004-02-16 00:32:39,0.061634716796875,0.07298637695312502,0.07663427734375002,0.0436314453125
2004-02-16 00:42:39,0.06112666015625,0.07398989257812501,0.077778271484375,0.043750927734375
2004-02-16 00:52:39,0.05952954101562501,0.073178662109375,0.07711943359375,0.043034082031250004
2004-02-16 01:02:39,0.061532617187500006,0.073514306640625,0.07627368164062501,0.043683203125
2004-02-16 01:12:39,0.062038623046875005,0.0736173828125,0.077819970703125,0.044070556640625
2004-02-16 01:22:39,0.060091308593750004,0.073071923828125,0.076262890625,0.043241894531250005
2004-02-16 01:32:39,0.06156723632812501,0.07310146484374999,0.076760986328125,0.044150830078125
2004-02-16 01:42:39,0.06280170898437501,0.07417783203125,0.07914228515625,0.044831542968750006
2004-02-16 01:52:39,0.062653955078125,0.07391098632812501,0.07642509765625001,0.044193310546875
2004-02-16 02:02:39,0.062994384765625,0.0745046875,0.0767279296875,0.0450150390625
2004-02-16 02:12:39,0.06148852539062501,0.07350219726562501,0.076862939453125,0.043877197265625
2004-02-16 02:22:39,0.062045556640625,0.07339638671875,0.077163818359375,0.044300390625000005
2004-02-16 02:32:39,0.061701171875,0.07403383789062501,0.077076220703125,0.044073486328125
2004-02-16 02:42:39,0.06128964843750001,0.072110693359375,0.076979638671875,0.043573974609374996
2004-02-16 02:52:39,0.0627037109375,0.07461113281250001,0.077441552734375,0.044793896484375005
2004-02-16 03:02:39,0.06086909179687501,0.073200146484375,0.07651191406249999,0.044117138671875
2004-02-16 03:12:39,0.06463647460937501,0.07400703125000001,0.07766923828125001,0.044793310546875006
2004-02-16 03:22:39,0.066211181640625,0.074823828125,0.077529150390625,0.044726953125
2004-02-16 03:32:39,0.066476513671875,0.07388237304687499,0.07607348632812501,0.0441255859375
2004-02-16 03:42:39,0.065578857421875,0.072858447265625,0.07613574218750001,0.04480576171875
2004-02-16 03:52:39,0.065423583984375,0.074338623046875,0.07578642578125,0.044495849609375006
2004-02-16 04:02:39,0.06626748046875,0.072990234375,0.07715732421875,0.044458056640625
2004-02-16 04:12:39,0.06762211914062499,0.075572412109375,0.079594873046875,0.045918896484375006
2004-02-16 04:22:39,0.066467041015625,0.07446787109375,0.077677294921875,0.045562890625000005
2004-02-16 04:32:39,0.06514169921875,0.0738759765625,0.078375,0.04436533203125
2004-02-16 04:42:39,0.06573759765625001,0.073960205078125,0.07677841796875,0.04445849609375
2004-02-16 04:52:39,0.06611171875,0.074162353515625,0.07707285156250002,0.04446181640625
2004-02-16 05:02:39,0.06715561523437501,0.07367612304687501,0.077675537109375,0.044636083984375
2004-02-16 05:12:39,0.066328759765625,0.07354916992187502,0.07565361328125,0.04404272460937501
2004-02-16 05:22:39,0.06813012695312501,0.07401025390625,0.075498828125,0.0445634765625
2004-02-16 05:32:39,0.066585400390625,0.0730087890625,0.076761083984375,0.0445677734375
2004-02-16 05:42:39,0.0672046875,0.07407124023437502,0.0778935546875,0.044525
2004-02-16 05:52:39,0.06826743164062501,0.07383657226562501,0.07665844726562501,0.044431396484375
2004-02-16 06:02:39,0.06851015625000001,0.075117236328125,0.076997900390625,0.04452529296875
2004-02-16 06:12:39,0.06884213867187501,0.07452709960937501,0.078560986328125,0.045680957031250004
2004-02-16 06:22:39,0.067406640625,0.07479013671874998,0.077087548828125,0.0448103515625
2004-02-16 06:32:39,0.06703759765624999,0.07353837890625001,0.076739697265625,0.0454330078125
2004-02-16 06:42:39,0.06806416015625001,0.07391826171875,0.07706328125,0.044154638671875
2004-02-16 06:52:39,0.06880546875,0.074257763671875,0.07960478515625,0.044311572265625
2004-02-16 07:02:39,0.069295361328125,0.073261376953125,0.07652973632812501,0.044680078125
2004-02-16 07:12:39,0.06745712890625,0.0726912109375,0.0758333984375,0.04358583984375001
2004-02-16 07:22:39,0.07013779296875,0.073862548828125,0.07701362304687501,0.044883154296875005
2004-02-16 07:32:39,0.06724960937499999,0.073146923828125,0.074084912109375,0.044469921875
2004-02-16 07:42:39,0.06928984375,0.07451513671875,0.07631708984375,0.04432919921875
2004-02-16 07:52:39,0.069774560546875,0.0737802734375,0.0769173828125,0.044804736328125
2004-02-16 08:02:39,0.06872001953125,0.074089501953125,0.07654580078125,0.044407958984375
2004-02-16 08:12:39,0.06866279296875001,0.07371889648437499,0.07664033203125001,0.04477978515625
2004-02-16 08:22:39,0.069813720703125,0.07475375976562501,0.07578007812500001,0.04449248046875
2004-02-16 08:32:39,0.067802001953125,0.07347358398437501,0.077168359375,0.044139404296875004
2004-02-16 08:42:39,0.069245703125,0.07408149414062501,0.076581005859375,0.0442373046875
2004-02-16 08:52:39,0.068674462890625,0.07454970703125,0.07770986328125,0.045165478515625
2004-02-16 09:02:39,0.06817392578125,0.073137109375,0.07644262695312501,0.04416206054687501
2004-02-16 09:12:39,0.06806572265625001,0.0726158203125,0.076367626953125,0.04472607421875
2004-02-16 09:22:39,0.069419873046875,0.074627685546875,0.076321923828125,0.044793652343750004
2004-02-16 09:32:39,0.069054638671875,0.07377958984375001,0.07839716796875,0.043938134765625005
2004-02-16 09:42:39,0.07040136718750001,0.074368701171875,0.077283447265625,0.04432861328125
2004-02-16 09:52:39,0.06928867187500001,0.07397143554687499,0.075253125,0.0441169921875
2004-02-16 10:02:39,0.06865239257812501,0.07369970703124999,0.079299609375,0.04424550781250001
2004-02-16 10:12:39,0.070034619140625,0.073293359375,0.076751708984375,0.04410986328125
2004-02-16 10:22:39,0.06995117187500001,0.0753154296875,0.079477880859375,0.044388330078125
2004-02-16 10:32:39,0.068790576171875,0.074182373046875,0.0766826171875,0.044256396484375
2004-02-16 10:42:39,0.06929345703125,0.07399282226562501,0.07587412109375,0.044661132812500004
2004-02-16 10:52:39,0.070170361328125,0.07378125,0.07567675781250001,0.043986474609375006
2004-02-16 11:02:39,0.071073193359375,0.075280322265625,0.07610292968750001,0.0457341796875
2004-02-16 11:12:39,0.07035751953125,0.07361142578124999,0.076694189453125,0.044052929687500006
2004-02-16 11:22:39,0.07153637695312501,0.07432851562500001,0.07696352539062501,0.04447841796875
2004-02-16 11:32:39,0.07035322265624999,0.07325683593750001,0.07581269531250001,0.044368554687500006
2004-02-16 11:42:39,0.071685400390625,0.07437871093750001,0.078297314453125,0.04528920898437501
2004-02-16 11:52:39,0.069493701171875,0.073267529296875,0.07678203125000001,0.044254589843750004
2004-02-16 12:02:39,0.07039072265624999,0.073629833984375,0.07541879882812501,0.04443046875000001
2004-02-16 12:12:39,0.071241650390625,0.07439580078125001,0.0764845703125,0.045192724609375
2004-02-16 12:22:39,0.0717552734375,0.0738166015625,0.07753330078125001,0.045543408203125
2004-02-16 12:32:39,0.07019716796875,0.073783203125,0.076172412109375,0.044355712890624996
2004-02-16 12:42:39,0.07143471679687499,0.07424550781250001,0.077502099609375,0.04536591796875
2004-02-16 12:52:39,0.0708958984375,0.07362915039062501,0.075165234375,0.044995996093750004
2004-02-16 13:02:39,0.070180712890625,0.07354345703125001,0.075842724609375,0.043986474609375006
2004-02-16 13:12:39,0.070282275390625,0.074091357421875,0.07721181640625001,0.04419760742187501
2004-02-16 13:22:39,0.07150043945312501,0.074387548828125,0.076078662109375,0.045282666015625
2004-02-16 13:32:39,0.07205947265625,0.07478129882812501,0.07684223632812501,0.045187939453125
2004-02-16 13:42:39,0.07061362304687499,0.073171435546875,0.07662485351562501,0.04490869140625
2004-02-16 13:52:39,0.07164843750000001,0.07452709960937501,0.076066259765625,0.044068164062500005
2004-02-16 14:02:39,0.071238134765625,0.074890478515625,0.0786333984375,0.044438525390625004
2004-02-16 14:12:39,0.07097060546875,0.07527167968750001,0.077413671875,0.04453681640625
2004-02-16 14:22:39,0.071172998046875,0.07436450195312501,0.07742041015625001,0.044718603515625
2004-02-16 14:32:39,0.07121699218750001,0.074022021484375,0.078477490234375,0.044957812500000006
2004-02-16 14:42:39,0.072997412109375,0.07418515625000001,0.07472568359375001,0.04449951171875001
2004-02-16 14:52:39,0.072084716796875,0.073939501953125,0.07608203125,0.04381904296875
2004-02-16 15:02:39,0.07155205078125,0.07464008789062501,0.07672802734374999,0.044628955078125
2004-02-16 15:12:39,0.071476416015625,0.073992724609375,0.075886865234375,0.0445427734375
2004-02-16 15:22:39,0.07318618164062499,0.074672509765625,0.078189111328125,0.044189355468750004
2004-02-16 15:32:39,0.0724798828125,0.0742267578125,0.07574438476562499,0.04324267578125
2004-02-16 15:42:39,0.07283300781249999,0.07554814453125,0.07698525390625001,0.044926123046875
2004-02-16 15:52:39,0.07379951171875002,0.07530908203125,0.07890224609375,0.045017968750000005
2004-02-16 16:02:39,0.07424248046875001,0.07438706054687501,0.077433984375,0.044321728515625006
2004-02-16 16:12:39,0.07492026367187501,0.075053466796875,0.07644277343750001,0.045558837890625
2004-02-16 16:22:39,0.07381235351562501,0.07471533203125,0.07563735351562499,0.044425000000000006
2004-02-16 16:32:39,0.073847802734375,0.07447548828125002,0.07631982421875001,0.045283642578125
2004-02-16 16:42:39,0.07452734375,0.073359326171875,0.078001123046875,0.044750048828125
2004-02-16 16:52:39,0.07519697265625,0.075316162109375,0.0764533203125,0.04538364257812501
2004-02-16 17:02:39,0.07510351562499999,0.07403461914062501,0.07639243164062501,0.04543310546875
2004-02-16 17:12:39,0.07355107421875,0.074751708984375,0.076082421875,0.04510087890625
2004-02-16 17:22:39,0.074103564453125,0.07477905273437499,0.07716396484375002,0.045731884765625
2004-02-16 17:32:39,0.074142138671875,0.07533559570312501,0.07813920898437501,0.045526416015625
2004-02-16 17:42:39,0.07373339843750001,0.07524389648437499,0.077129248046875,0.045191650390625
2004-02-16 17:52:39,0.072255224609375,0.07405551757812501,0.07451621093750001,0.044297705078125006
2004-02-16 18:02:39,0.076612158203125,0.07437031250000001,0.077859130859375,0.046066357421875
2004-02-16 18:12:39,0.07393281250000001,0.074656982421875,0.07683046875,0.044926220703125005
2004-02-16 18:22:39,0.074217431640625,0.07396513671875,0.077852587890625,0.045113330078125
2004-02-16 18:32:39,0.07531943359375,0.075098486328125,0.07820590820312501,0.044946679687500005
2004-02-16 18:42:39,0.07501640625000001,0.07532807617187501,0.07599443359375,0.04482158203125001
2004-02-16 18:52:39,0.07484326171875,0.074141357421875,0.075325341796875,0.04511298828125
2004-02-16 19:02:39,0.074834423828125,0.074064208984375,0.076234521484375,0.04460439453125
2004-02-16 19:12:39,0.07458520507812501,0.07577377929687501,0.07736337890625,0.045652978515625005
2004-02-16 19:22:39,0.07450576171875001,0.07336108398437499,0.077936328125,0.045114892578124996
2004-02-16 19:32:39,0.072592919921875,0.074807763671875,0.07649130859375,0.04482529296875
2004-02-16 19:42:39,0.07594003906249999,0.07429013671875,0.07629741210937499,0.04537626953125
2004-02-16 19:52:39,0.07557016601562501,0.073726025390625,0.080040966796875,0.045378564453125006
2004-02-16 20:02:39,0.073051318359375,0.07332958984375,0.0765482421875,0.04476533203125001
2004-02-16 20:12:39,0.07489609374999999,0.074675732421875,0.07665400390625002,0.045389794921875004
2004-02-16 20:22:39,0.074067822265625,0.073275390625,0.0769955078125,0.0455359375
2004-02-16 20:32:39,0.07596889648437502,0.074040380859375,0.075356689453125,0.044714648437500004
2004-02-16 20:42:39,0.075798486328125,0.073403955078125,0.076737890625,0.04497578125
2004-02-16 20:52:39,0.07345410156250001,0.074845556640625,0.07535405273437501,0.0453111328125
2004-02-16 21:02:39,0.07585732421875,0.074521533203125,0.07772983398437501,0.045052832031250004
2004-02-16 21:12:39,0.07656875,0.07427802734375,0.075739501953125,0.0447955078125
2004-02-16 21:22:39,0.0768498046875,0.073369580078125,0.07588076171875,0.045192724609375
2004-02-16 21:32:39,0.07641865234375,0.0750216796875,0.07565786132812499,0.04535146484375
2004-02-16 21:42:39,0.07578271484375,0.07386884765625,0.075502587890625,0.044980712890625
2004-02-16 21:52:39,0.07569472656250001,0.07475380859375,0.0763966796875,0.044772607421875
2004-02-16 22:02:39,0.075298681640625,0.07469428710937501,0.076373974609375,0.045144238281250006
2004-02-16 22:12:39,0.0763080078125,0.07443505859375,0.07758349609375001,0.04506591796875
2004-02-16 22:22:39,0.078939013671875,0.07451225585937502,0.078527587890625,0.045196826171875
2004-02-16 22:32:39,0.081472119140625,0.07366088867187501,0.076269287109375,0.04596723632812501
2004-02-16 22:42:39,0.080391357421875,0.074070361328125,0.0781046875,0.04552470703125
2004-02-16 22:52:39,0.08096103515625,0.0753701171875,0.07663632812500001,0.04626821289062501
2004-02-16 23:02:39,0.08140107421875001,0.074507275390625,0.07546279296875,0.045381494140625
2004-02-16 23:12:39,0.079970556640625,0.073939208984375,0.076184912109375,0.04573457031250001
2004-02-16 23:22:39,0.08076777343750001,0.07454199218749999,0.076069970703125,0.04678452148437501
2004-02-16 23:32:39,0.08166943359375001,0.07418803710937501,0.0766736328125,0.04486533203125
2004-02-16 23:42:39,0.07849257812500002,0.074443359375,0.07729291992187501,0.04597587890625
2004-02-16 23:52:39,0.081673828125,0.07378701171874999,0.076075830078125,0.04600048828125
2004-02-17 00:02:39,0.08147011718750001,0.074076318359375,0.07779667968750001,0.046080126953125
2004-02-17 00:12:39,0.08010878906249999,0.07399658203125001,0.077926806640625,0.045423876953125004
2004-02-17 00:22:39,0.0807919921875,0.074758935546875,0.079310498046875,0.045839794921874996
2004-02-17 00:32:39,0.08012822265625,0.074863330078125,0.076199853515625,0.04654306640625001
2004-02-17 00:42:39,0.08180371093750001,0.07463427734375001,0.075421044921875,0.046225830078124995
2004-02-17 00:52:39,0.08193642578125,0.07458989257812501,0.07773681640625,0.04735107421875
2004-02-17 01:02:39,0.08061689453125001,0.073380078125,0.0749517578125,0.0460375
2004-02-17 01:12:39,0.07979892578125,0.07384863281250001,0.075388037109375,0.045894824218750005
2004-02-17 01:22:39,0.081450537109375,0.073902978515625,0.07679033203124999,0.046212744140625
2004-02-17 01:32:39,0.081733251953125,0.073650390625,0.077263037109375,0.047464013671875006
2004-02-17 01:42:39,0.0807240234375,0.0741568359375,0.07554365234375,0.045435839843750006
2004-02-17 01:52:39,0.07943447265625,0.073574462890625,0.074183642578125,0.046091748046875006
2004-02-17 02:02:39,0.08213808593750001,0.07394541015625,0.07653535156249999,0.045998730468750006
2004-02-17 02:12:39,0.08145771484375,0.07327490234375,0.07612412109375,0.04678935546875
2004-02-17 02:22:39,0.080756005859375,0.075134228515625,0.0773103515625,0.045635498046875
2004-02-17 02:32:39,0.07921249999999999,0.07517944335937501,0.07822861328125,0.045522998046875
2004-02-17 02:42:39,0.078344677734375,0.07418125,0.07900156250000001,0.046179101562500005
2004-02-17 02:52:39,0.0804013671875,0.07468623046875,0.07558173828125,0.046579052734375
2004-02-17 03:02:39,0.07890712890625,0.074105712890625,0.07649296875,0.045754736328125004
2004-02-17 03:12:39,0.0801859375,0.07399033203125001,0.076041650390625,0.04563906250000001
2004-02-17 03:22:39,0.081035986328125,0.07527875976562501,0.077712158203125,0.04603701171875001
2004-02-17 03:32:39,0.08095654296875002,0.0753876953125,0.075935791015625,0.04634814453125
2004-02-17 03:42:39,0.079128271484375,0.07470576171875001,0.075866064453125,0.04603310546875
2004-02-17 03:52:39,0.08005034179687501,0.074673583984375,0.07760166015625,0.0457484375
2004-02-17 04:02:39,0.08031953125,0.073945751953125,0.07512231445312499,0.045167822265625004
2004-02-17 04:12:39,0.08035004882812499,0.074700537109375,0.07558017578125001,0.04573559570312501
2004-02-17 04:22:39,0.0801220703125,0.0739068359375,0.07598500976562501,0.046370898437499995
2004-02-17 04:32:39,0.0808533203125,0.074641357421875,0.07594130859375,0.046080322265625
2004-02-17 04:42:39,0.08182939453125,0.07336860351562499,0.07532846679687501,0.045671728515624996
2004-02-17 04:52:39,0.081478369140625,0.07508193359375001,0.076870263671875,0.04632822265625
2004-02-17 05:02:39,0.080636572265625,0.073464208984375,0.076001171875,0.0456232421875
2004-02-17 05:12:39,0.08052534179687501,0.076580712890625,0.07720844726562501,0.046528857421875
2004-02-17 05:22:39,0.08093725585937502,0.07444614257812501,0.07678750000000001,0.046425146484375
2004-02-17 05:32:39,0.08057124023437501,0.074969287109375,0.07729423828125,0.046131787109375
2004-02-17 05:42:39,0.08154731445312499,0.0747462890625,0.07568676757812501,0.046804882812500004
2004-02-17 05:52:39,0.08189453125000001,0.074132080078125,0.07847021484375001,0.04574736328125
2004-02-17 06:02:39,0.082332177734375,0.0751537109375,0.07708701171875,0.0467283203125
2004-02-17 06:12:39,0.08107631835937501,0.07519873046875,0.0764240234375,0.046209375000000004
2004-02-17 06:22:39,0.080706591796875,0.07489316406249999,0.07536596679687499,0.045914111328125
2004-02-17 06:32:39,0.08155810546875,0.07578486328125,0.076903662109375,0.046506103515625
2004-02-17 06:42:39,0.08278935546875,0.07443808593750001,0.0761375,0.045347753906249996
2004-02-17 06:52:39,0.08143095703125,0.07435,0.07565214843750001,0.04516479492187501
2004-02-17 07:02:39,0.083783251953125,0.076022705078125,0.077264013671875,0.046644970703125
2004-02-17 07:12:39,0.08570673828125,0.07482709960937502,0.076988720703125,0.0467580078125
2004-02-17 07:22:39,0.09000234375,0.075243212890625,0.07636181640624999,0.047687939453125
2004-02-17 07:32:39,0.116483837890625,0.077490185546875,0.08099291992187499,0.050847314453125
2004-02-17 07:42:39,0.119794775390625,0.07815390625,0.081439892578125,0.05127812500000001
2004-02-17 07:52:39,0.12030419921874999,0.077344189453125,0.07822509765625,0.05118828125
2004-02-17 08:02:39,0.11844228515625,0.07796127929687499,0.07934213867187499,0.051341210937500006
2004-02-17 08:12:39,0.11736762695312501,0.0768505859375,0.07821572265625001,0.05133525390625
2004-02-17 08:22:39,0.121048486328125,0.077387451171875,0.07910595703125001,0.049966357421875
2004-02-17 08:32:39,0.117347021484375,0.077880615234375,0.07947641601562501,0.051567333984375005
2004-02-17 08:42:39,0.115159619140625,0.078150537109375,0.08093310546875,0.05045302734375
2004-02-17 08:52:39,0.12100708007812502,0.07750336914062499,0.078681494140625,0.05100117187500001
2004-02-17 09:02:39,0.11763349609375,0.081854052734375,0.08024326171875,0.050943994140625004
2004-02-17 09:12:39,0.117987939453125,0.0770828125,0.077906103515625,0.05064570312500001
2004-02-17 09:22:39,0.118264111328125,0.07764296875,0.07976816406250001,0.051683105468750004
2004-02-17 09:32:39,0.11887666015625001,0.07774335937500002,0.079317041015625,0.051026953124999996
2004-02-17 09:42:39,0.118469580078125,0.07773466796875,0.077473095703125,0.05052749023437501
2004-02-17 09:52:39,0.11374028320312499,0.07738984374999999,0.07964453125,0.05141484375000001
2004-02-17 10:02:39,0.11534023437499999,0.07767724609375,0.077956005859375,0.050899316406250006
2004-02-17 10:12:39,0.11540512695312502,0.077524560546875,0.07869301757812501,0.051231201171875004
2004-02-17 10:22:39,0.117732373046875,0.07746220703125001,0.07919951171875002,0.0506544921875
2004-02-17 10:32:39,0.11437333984375,0.076900439453125,0.0784083984375,0.051541796875000004
2004-02-17 10:42:39,0.11579130859375,0.07664252929687501,0.077749462890625,0.050333935546875
2004-02-17 10:52:39,0.113906640625,0.07730371093749999,0.07719892578125001,0.050905566406250005
2004-02-17 11:02:39,0.11488637695312501,0.0777220703125,0.078469091796875,0.05053168945312501
2004-02-17 11:12:39,0.11360234375,0.07758134765625,0.07928496093750001,0.051856396484375
2004-02-17 11:22:39,0.11794482421875001,0.07826591796875,0.079852099609375,0.05140200195312501
2004-02-17 11:32:39,0.11730742187500001,0.07746269531250001,0.078774755859375,0.05180161132812501
2004-02-17 11:42:39,0.115171484375,0.078391357421875,0.07933798828125001,0.051855615234375006
2004-02-17 11:52:39,0.11509404296875,0.07752973632812502,0.07742207031250001,0.051184326171875
2004-02-17 12:02:39,0.11640004882812498,0.077677099609375,0.077425390625,0.05038188476562501
2004-02-17 12:12:39,0.116234716796875,0.07766943359375,0.07825229492187499,0.051778759765625
2004-02-17 12:22:39,0.10965800781249999,0.07784907226562501,0.079969970703125,0.050908251953125004
2004-02-17 12:32:39,0.11389550781249999,0.07795805664062501,0.07825717773437499,0.050615576171874996
2004-02-17 12:42:39,0.11043754882812502,0.07726005859375,0.07841162109375,0.05061640625
2004-02-17 12:52:39,0.111178173828125,0.07837861328125,0.078588623046875,0.051150537109375005
2004-02-17 13:02:39,0.109775537109375,0.07801845703125,0.07945048828125001,0.04980595703125
2004-02-17 13:12:39,0.110094140625,0.077290283203125,0.07915600585937502,0.05008896484375001
2004-02-17 13:22:39,0.11050004882812499,0.07798271484375,0.07826215820312502,0.051349560546875006
2004-02-17 13:32:39,0.103775830078125,0.07684677734375,0.078615283203125,0.05046220703125
2004-02-17 13:42:39,0.10158554687499999,0.07582231445312501,0.077955322265625,0.05042919921875
2004-02-17 13:52:39,0.1066033203125,0.07727119140625001,0.0792857421875,0.051178515625
2004-02-17 14:02:39,0.1042986328125,0.077761083984375,0.077362548828125,0.050451318359375
2004-02-17 14:12:39,0.10415883789062501,0.0771990234375,0.0780306640625,0.050593701171875005
2004-02-17 14:22:39,0.10005688476562499,0.07818066406249999,0.07926015625,0.050197509765625
2004-02-17 14:32:39,0.10147802734375,0.078830419921875,0.07720820312500001,0.050650878906249995
2004-02-17 14:42:39,0.10119311523437499,0.078101123046875,0.07851923828125,0.049795263671875
2004-02-17 14:52:39,0.10338085937500001,0.07784760742187499,0.07832851562500001,0.049513867187500005
2004-02-17 15:02:39,0.10047099609374999,0.07835473632812501,0.079523779296875,0.05032666015625
2004-02-17 15:12:39,0.101997802734375,0.07799873046875,0.0797369140625,0.050999560546875
2004-02-17 15:22:39,0.096234033203125,0.078252099609375,0.0789306640625,0.049563525390625
2004-02-17 15:32:39,0.10207265624999999,0.07792314453125,0.077595751953125,0.05057075195312499
2004-02-17 15:42:39,0.100900830078125,0.077887548828125,0.07941396484374999,0.049660937499999995
2004-02-17 15:52:39,0.097949365234375,0.0774828125,0.0784748046875,0.05020336914062501
2004-02-17 16:02:39,0.09916318359375001,0.0783578125,0.07710341796875,0.05018286132812501
2004-02-17 16:12:39,0.09811357421875,0.077718701171875,0.0788375,0.05023740234375
2004-02-17 16:22:39,0.0963455078125,0.078324755859375,0.079872998046875,0.050581640625
2004-02-17 16:32:39,0.094583984375,0.07638696289062501,0.07798925781250002,0.04948935546875
2004-02-17 16:42:39,0.092754296875,0.07686630859375002,0.077664404296875,0.049431494140625
2004-02-17 16:52:39,0.092947802734375,0.078140576171875,0.07777783203125002,0.050034033203124995
2004-02-17 17:02:39,0.091747314453125,0.07831396484375,0.078390380859375,0.05016904296875
2004-02-17 17:12:39,0.091413330078125,0.076049365234375,0.078446435546875,0.04890488281250001
2004-02-17 17:22:39,0.08995561523437501,0.07792338867187501,0.07869873046875,0.049496289062500004
2004-02-17 17:32:39,0.08809013671875002,0.07780693359375,0.08166787109375,0.0506173828125
2004-02-17 17:42:39,0.088082568359375,0.07735058593750002,0.07882861328125,0.048750927734375
2004-02-17 17:52:39,0.085101904296875,0.07703208007812501,0.0777509765625,0.0493333984375
2004-02-17 18:02:39,0.08490029296875001,0.0770373046875,0.077206494140625,0.047849023437500006
2004-02-17 18:12:39,0.0843353515625,0.07709287109375,0.079388037109375,0.0487443359375
2004-02-17 18:22:39,0.08426259765625,0.07682626953125,0.077123046875,0.048677294921875
2004-02-17 18:32:39,0.083739013671875,0.0770294921875,0.0794986328125,0.050189892578125006
2004-02-17 18:42:39,0.08394477539062502,0.078042138671875,0.080862158203125,0.048610400390625
2004-02-17 18:52:39,0.08374990234375,0.077684326171875,0.078006884765625,0.048635156250000006
2004-02-17 19:02:39,0.081600439453125,0.07728876953125,0.07798212890625,0.049523730468750006
2004-02-17 19:12:39,0.08210737304687502,0.077376123046875,0.07786201171875,0.04917607421875
2004-02-17 19:22:39,0.082464697265625,0.07761162109375,0.07849008789062499,0.04821235351562501
2004-02-17 19:32:39,0.080774462890625,0.07798193359375001,0.07772553710937499,0.04818125
2004-02-17 19:42:39,0.080039013671875,0.078925244140625,0.07984643554687501,0.048320263671875
2004-02-17 19:52:39,0.08164267578125,0.078958837890625,0.078310693359375,0.04901132812500001
2004-02-17 20:02:39,0.081170556640625,0.07860703125,0.08165405273437501,0.04831025390625
2004-02-17 20:12:39,0.07993837890625,0.07760952148437501,0.078895458984375,0.04885439453125
2004-02-17 20:22:39,0.07949531250000001,0.078796533203125,0.08078793945312501,0.048005126953125
2004-02-17 20:32:39,0.07918544921875001,0.0782189453125,0.07864814453124999,0.048926074218750004
2004-02-17 20:42:39,0.07678164062500001,0.07772783203125,0.078351416015625,0.04810092773437501
2004-02-17 20:52:39,0.079166552734375,0.07844921875000001,0.07793271484375,0.048661572265624994
2004-02-17 21:02:39,0.078236767578125,0.07930166015625,0.078144140625,0.047831396484375
2004-02-17 21:12:39,0.078039990234375,0.077469921875,0.07842099609375,0.048032373046875
2004-02-17 21:22:39,0.076976123046875,0.07821064453125,0.079762158203125,0.048329345703125005
2004-02-17 21:32:39,0.079290771484375,0.07849936523437501,0.08014277343750001,0.048138085937500005
2004-02-17 21:42:39,0.077523046875,0.07836440429687501,0.078590576171875,0.04716357421875
2004-02-17 21:52:39,0.07971455078125,0.07921953125,0.07825112304687501,0.048192822265625004
2004-02-17 22:02:39,0.0779177734375,0.077101513671875,0.079669140625,0.048082958984375
2004-02-17 22:12:39,0.07741210937500001,0.0786380859375,0.08210761718750001,0.04796113281250001
2004-02-17 22:22:39,0.078838134765625,0.07788569335937501,0.07905195312499999,0.048276708984375
2004-02-17 22:32:39,0.07949257812500002,0.077418359375,0.07772094726562499,0.04777944335937501
2004-02-17 22:42:39,0.079562255859375,0.07790927734375,0.07734326171875,0.048012451171875005
2004-02-17 22:52:39,0.08070859374999999,0.07749125976562501,0.07950029296875001,0.048852294921875004
2004-02-17 23:02:39,0.080810205078125,0.078308935546875,0.07950390625,0.04830766601562501
2004-02-17 23:12:39,0.08019208984375,0.077517578125,0.079505029296875,0.047725830078125
2004-02-17 23:22:39,0.08107119140625,0.078227587890625,0.077594140625,0.047872705078125
2004-02-17 23:32:39,0.078807275390625,0.07679736328125,0.078004052734375,0.047722119140625
2004-02-17 23:42:39,0.081467724609375,0.077626123046875,0.08132651367187502,0.047721875000000004
2004-02-17 23:52:39,0.081410986328125,0.07891831054687501,0.078681103515625,0.047713330078125005
2004-02-18 00:02:39,0.08114028320312501,0.078546435546875,0.080209130859375,0.047323828125
2004-02-18 00:12:39,0.081595947265625,0.077587548828125,0.079331689453125,0.048012939453125
2004-02-18 00:22:39,0.081003076171875,0.07682089843750001,0.078356494140625,0.0477482421875
2004-02-18 00:32:39,0.083338818359375,0.07782631835937501,0.079429248046875,0.048455908203125
2004-02-18 00:42:39,0.082247998046875,0.077698828125,0.077866162109375,0.047433544921875
2004-02-18 00:52:39,0.0829697265625,0.078229052734375,0.07800473632812502,0.047647802734375
2004-02-18 01:02:39,0.084148388671875,0.07795610351562501,0.079946533203125,0.047946191406250005
2004-02-18 01:12:39,0.0843080078125,0.07809462890625,0.079989990234375,0.049232470703125
2004-02-18 01:22:39,0.08319409179687501,0.07706103515625,0.0792109375,0.047120751953125
2004-02-18 01:32:39,0.08433745117187501,0.07736552734374999,0.0784916015625,0.047338671875
2004-02-18 01:42:39,0.084134423828125,0.076727099609375,0.07884619140625,0.046431347656250004
2004-02-18 01:52:39,0.08273291015624999,0.07838999023437501,0.080117822265625,0.047861767578125006
2004-02-18 02:02:39,0.083304931640625,0.077275146484375,0.07879042968750001,0.04717001953125001
2004-02-18 02:12:39,0.083894189453125,0.07778564453125,0.080659912109375,0.04734345703125
2004-02-18 02:22:39,0.08458374023437501,0.077354931640625,0.08002563476562499,0.047387060546875005
2004-02-18 02:32:39,0.084378759765625,0.07915205078125001,0.08003125000000001,0.04733232421875
2004-02-18 02:42:39,0.08447177734375,0.07882050781250001,0.0795802734375,0.048372314453124995
2004-02-18 02:52:39,0.0849138671875,0.077521875,0.078337451171875,0.04681689453125
2004-02-18 03:02:39,0.08580830078125,0.078592138671875,0.080268408203125,0.04798056640625
2004-02-18 03:12:39,0.086527783203125,0.07871787109375002,0.07865043945312501,0.04799326171875
2004-02-18 03:22:39,0.084733984375,0.07784545898437499,0.078569677734375,0.04783720703125
2004-02-18 03:32:39,0.08602778320312501,0.079538818359375,0.08153955078125,0.04765361328125
2004-02-18 03:42:39,0.10157714843750001,0.078722509765625,0.08068154296875,0.048301953125000005
2004-02-18 03:52:39,0.10178813476562501,0.079344384765625,0.08043544921875001,0.0491791015625
2004-02-18 04:02:39,0.10005000000000001,0.079846923828125,0.08155869140625001,0.0495271484375
2004-02-18 04:12:39,0.10488154296875,0.08097822265625002,0.0813197265625,0.048864453125000006
2004-02-18 04:22:39,0.101999755859375,0.078917236328125,0.08025776367187501,0.0485341796875
2004-02-18 04:32:39,0.104758544921875,0.080877978515625,0.08197021484375,0.049540185546875004
2004-02-18 04:42:39,0.10702290039062501,0.07925112304687501,0.08165068359375001,0.050013818359375
2004-02-18 04:52:39,0.10451533203125,0.08073593750000001,0.082297265625,0.049032080078125
2004-02-18 05:02:39,0.10830771484374999,0.079699658203125,0.08010097656250001,0.049801220703124996
2004-02-18 05:12:39,0.10715629882812498,0.08006728515625001,0.0807591796875,0.0497951171875
2004-02-18 05:22:39,0.10998496093749999,0.0797109375,0.080053369140625,0.0498927734375
2004-02-18 05:32:39,0.10994921875000001,0.07927358398437499,0.08245083007812501,0.0486853515625
2004-02-18 05:42:39,0.114418701171875,0.079062841796875,0.08243652343749999,0.04978544921875
2004-02-18 05:52:39,0.11166362304687501,0.08040107421875001,0.08101757812500002,0.04989072265625001
2004-02-18 06:02:39,0.11485039062499999,0.08122636718750001,0.08140146484375001,0.050538623046874995
2004-02-18 06:12:39,0.1169396484375,0.080504248046875,0.08171767578125,0.050400585937500006
2004-02-18 06:22:39,0.11675693359374999,0.08097958984375,0.08153671875,0.050039941406249996
2004-02-18 06:32:39,0.11630244140624998,0.08065556640625,0.08402402343750001,0.05140004882812501
2004-02-18 06:42:39,0.116789990234375,0.0811220703125,0.08146328124999999,0.05020693359375
2004-02-18 06:52:39,0.11826840820312501,0.080622607421875,0.08181367187500001,0.05089008789062501
2004-02-18 07:02:39,0.11790263671874998,0.08230078125,0.081322412109375,0.050703564453125
2004-02-18 07:12:39,0.118561865234375,0.081151904296875,0.082330224609375,0.050467871093750005
2004-02-18 07:22:39,0.11900205078125,0.08172451171875,0.082805078125,0.05185048828125001
2004-02-18 07:32:39,0.118333447265625,0.080358642578125,0.081374267578125,0.05132451171875
2004-02-18 07:42:39,0.11680659179687503,0.079583837890625,0.08286181640625001,0.050094970703125005
2004-02-18 07:52:39,0.1219736328125,0.081125341796875,0.08292392578125,0.051126855468749996
2004-02-18 08:02:39,0.12400205078125,0.082104833984375,0.081617822265625,0.051576220703124995
2004-02-18 08:12:39,0.12353183593749999,0.08072578125,0.082274169921875,0.051297851562499996
2004-02-18 08:22:39,0.12380927734375,0.08194418945312501,0.08308535156249999,0.05214389648437501
2004-02-18 08:32:39,0.120623779296875,0.081253564453125,0.084503759765625,0.05117578125000001
2004-02-18 08:42:39,0.117393603515625,0.081205322265625,0.08176416015625,0.050396630859375
2004-02-18 08:52:39,0.11564736328124998,0.080289453125,0.08181782226562499,0.051210302734375004
2004-02-18 09:02:39,0.11735805664062501,0.08112617187500001,0.08224892578125001,0.05134697265625
2004-02-18 09:12:39,0.11813056640625001,0.08236147460937501,0.083466455078125,0.0524048828125
2004-02-18 09:22:39,0.1221724609375,0.081793896484375,0.082874462890625,0.051330908203125004
2004-02-18 09:32:39,0.11730126953125,0.08082724609375,0.081809228515625,0.051709033203125
2004-02-18 09:42:39,0.11561171875000001,0.08033847656250001,0.082820458984375,0.051107958984375
2004-02-18 09:52:39,0.11779438476562501,0.080486083984375,0.08241474609375002,0.05153530273437501
2004-02-18 10:02:39,0.11536352539062503,0.08099716796874999,0.083002783203125,0.05135200195312499
2004-02-18 10:12:39,0.12012749023437501,0.08299936523437501,0.084476953125,0.05184584960937501
2004-02-18 10:22:39,0.11886562499999997,0.08093984375,0.081921240234375,0.050885791015625
2004-02-18 10:32:39,0.11673330078125002,0.081059814453125,0.083103466796875,0.05127788085937499
2004-02-18 10:42:39,0.116298779296875,0.08072124023437499,0.08116088867187501,0.05028984375000001
2004-02-18 10:52:39,0.111422607421875,0.08170595703125001,0.08262216796875001,0.051785498046875
2004-02-18 11:02:39,0.110108203125,0.07995957031249999,0.084501708984375,0.05048496093750001
2004-02-18 11:12:39,0.10920205078124998,0.08054301757812501,0.08264785156250001,0.05053544921874999
2004-02-18 11:22:39,0.10897861328124998,0.08107041015625001,0.08235908203125,0.05183056640625
2004-02-18 11:32:39,0.10961064453125,0.081299755859375,0.08386552734375001,0.05088701171875
2004-02-18 11:42:39,0.10869150390625001,0.08059301757812501,0.08291870117187501,0.051471044921875
2004-02-18 11:52:39,0.118757080078125,0.08249716796875001,0.08467626953125,0.0535349609375
2004-02-18 12:02:39,0.121940087890625,0.08188725585937501,0.0843044921875,0.05245478515625
2004-02-18 12:12:39,0.11608623046875,0.083802880859375,0.08519916992187501,0.053210791015625
2004-02-18 12:22:39,0.11480878906249999,0.08327607421875,0.08491533203125,0.054153125
2004-02-18 12:32:39,0.1159603515625,0.082556787109375,0.084781689453125,0.053490234375
2004-02-18 12:42:39,0.11242939453125,0.08318256835937501,0.08620737304687501,0.05319130859375001
2004-02-18 12:52:39,0.10986069335937501,0.08405078125,0.084667138671875,0.05313247070312499
2004-02-18 13:02:39,0.11151494140625,0.08417177734375,0.08579062500000001,0.05307011718750001
2004-02-18 13:12:39,0.11318486328124999,0.084209716796875,0.08655283203125,0.053922216796875
2004-02-18 13:22:39,0.110352197265625,0.084033642578125,0.085572802734375,0.053691845703125005
2004-02-18 13:32:39,0.10866728515625002,0.08523012695312501,0.085302490234375,0.05398203125000001
2004-02-18 13:42:39,0.11058623046874998,0.08521142578125,0.085302978515625,0.05395820312500001
2004-02-18 13:52:39,0.11285024414062501,0.084753759765625,0.085691943359375,0.054154248046875006
2004-02-18 14:02:39,0.11329594726562502,0.086039599609375,0.0877375,0.053964746093749995
2004-02-18 14:12:39,0.112400048828125,0.085147900390625,0.08528652343750001,0.055114599609375
2004-02-18 14:22:39,0.11148632812499999,0.08664912109375,0.08841650390625,0.055171484375
2004-02-18 14:32:39,0.11250151367187503,0.085334326171875,0.08662392578125,0.054250244140625
2004-02-18 14:42:39,0.11693305664062499,0.0863158203125,0.088652099609375,0.056616601562499994
2004-02-18 14:52:39,0.1123408203125,0.087082666015625,0.08643530273437501,0.0550705078125
2004-02-18 15:02:39,0.10555654296874999,0.085829833984375,0.087956787109375,0.053687304687500007
2004-02-18 15:12:39,0.1012486328125,0.08751083984375,0.089255224609375,0.055315576171875006
2004-02-18 15:22:39,0.09898886718750001,0.088474462890625,0.09007114257812501,0.054716748046875006
2004-02-18 15:32:39,0.09555849609375,0.08646728515624999,0.088820458984375,0.055149804687500005
2004-02-18 15:42:39,0.094820947265625,0.08918564453125,0.090849755859375,0.054421874999999995
2004-02-18 15:52:39,0.09397739257812501,0.08797099609375,0.09067744140625,0.054726318359375005
2004-02-18 16:02:39,0.092085791015625,0.088623193359375,0.089069189453125,0.054201367187499995
2004-02-18 16:12:39,0.09362001953125001,0.09012617187500001,0.091611279296875,0.054022314453125
2004-02-18 16:22:39,0.093138134765625,0.088552197265625,0.090855419921875,0.053909619140625
2004-02-18 16:32:39,0.093400048828125,0.08821157226562501,0.09189956054687501,0.053728222656250005
2004-02-18 16:42:39,0.097409765625,0.0915455078125,0.09223530273437501,0.05494521484375001
2004-02-18 16:52:39,0.099352001953125,0.090288916015625,0.092097998046875,0.054915185546875
2004-02-18 17:02:39,0.10904204101562501,0.092578857421875,0.09441499023437501,0.055276220703125004
2004-02-18 17:12:39,0.11511635742187501,0.09140693359375,0.09415952148437501,0.054265869140625
2004-02-18 17:22:39,0.12250400390625,0.093487158203125,0.09392446289062499,0.055583984375000006
2004-02-18 17:32:39,0.129758837890625,0.0947625,0.095735546875,0.057059277343750006
2004-02-18 17:42:39,0.13361337890625,0.09424165039062501,0.09688940429687501,0.055237109375
2004-02-18 17:52:39,0.13430195312499998,0.0951162109375,0.09813369140624999,0.056942333984375
2004-02-18 18:02:39,0.13458745117187498,0.09248574218750001,0.095475,0.05669296875
2004-02-18 18:12:39,0.1297296875,0.09370097656250001,0.0965091796875,0.05602998046875
2004-02-18 18:22:39,0.12410439453125002,0.093441943359375,0.09736083984374999,0.0553552734375
2004-02-18 18:32:39,0.129417919921875,0.095920703125,0.10047602539062499,0.05651250000000001
2004-02-18 18:42:39,0.13103740234375,0.0943283203125,0.09803095703125,0.055410839843750004
2004-02-18 18:52:39,0.13031586914062498,0.09500302734375,0.09837841796874999,0.057173974609375
2004-02-18 19:02:39,0.140650537109375,0.097039794921875,0.10008818359375,0.057946826171875
2004-02-18 19:12:39,0.132387646484375,0.09805771484375,0.10292167968749999,0.05787661132812501
2004-02-18 19:22:39,0.12703950195312502,0.096230615234375,0.10168173828125,0.05967753906250001
2004-02-18 19:32:39,0.13002495117187501,0.095876806640625,0.10047309570312501,0.05937973632812501
2004-02-18 19:42:39,0.125172607421875,0.09817465820312501,0.10265439453125,0.06032900390625
2004-02-18 19:52:39,0.12989443359375002,0.0996203125,0.103184228515625,0.06105590820312501
2004-02-18 20:02:39,0.12622548828125,0.10042851562499999,0.106049658203125,0.062398486328125
2004-02-18 20:12:39,0.135438134765625,0.101700927734375,0.1064861328125,0.06463056640625
2004-02-18 20:22:39,0.1335451171875,0.10148017578124999,0.10755551757812501,0.0658138671875
2004-02-18 20:32:39,0.1299353515625,0.10315693359375003,0.10658471679687502,0.06447768554687501
2004-02-18 20:42:39,0.12925444335937503,0.10408964843750002,0.10917280273437502,0.064374560546875
2004-02-18 20:52:39,0.12223886718750002,0.10455791015625,0.11012207031250001,0.06387763671874999
2004-02-18 21:02:39,0.1161171875,0.10358598632812499,0.11032480468750001,0.062109277343750005
2004-02-18 21:12:39,0.122882763671875,0.10409521484374999,0.110859033203125,0.0634533203125
2004-02-18 21:22:39,0.13251162109374998,0.104913818359375,0.11110947265625,0.06504160156250001
2004-02-18 21:32:39,0.130182421875,0.10209624023437502,0.110188525390625,0.06078745117187499
2004-02-18 21:42:39,0.138483837890625,0.10202993164062502,0.109604833984375,0.06267338867187501
2004-02-18 21:52:39,0.14576650390624998,0.105226953125,0.11339208984374997,0.06305107421875
2004-02-18 22:02:39,0.15187685546875002,0.10471596679687498,0.11432109375000002,0.06351567382812501
2004-02-18 22:12:39,0.165063720703125,0.10510722656249998,0.113727685546875,0.06414921875
2004-02-18 22:22:39,0.1890802734375,0.10693818359375,0.112920458984375,0.06900053710937501
2004-02-18 22:32:39,0.14993154296875,0.106624267578125,0.1155537109375,0.0656359375
2004-02-18 22:42:39,0.14828041992187502,0.10488100585937501,0.11773808593749999,0.0688091796875
2004-02-18 22:52:39,0.148379736328125,0.10732504882812502,0.11926904296875,0.0698638671875
2004-02-18 23:02:39,0.12903251953125,0.10422353515625,0.11638447265625,0.066109619140625
2004-02-18 23:12:39,0.12587851562500002,0.106340478515625,0.1173865234375,0.066912646484375
2004-02-18 23:22:39,0.131931640625,0.106002587890625,0.11808203125000001,0.06888178710937501
2004-02-18 23:32:39,0.12967060546875,0.107250830078125,0.119392822265625,0.06900400390625
2004-02-18 23:42:39,0.151886572265625,0.10858154296875,0.120522509765625,0.070506396484375
2004-02-18 23:52:39,0.1458556640625,0.10801025390625,0.12064565429687499,0.068639697265625
2004-02-19 00:02:39,0.160890673828125,0.108644970703125,0.12114736328125,0.07062861328125
2004-02-19 00:12:39,0.14288583984375,0.110873193359375,0.1256921875,0.070584375
2004-02-19 00:22:39,0.12944736328125,0.10921176757812501,0.1252205078125,0.06833676757812499
2004-02-19 00:32:39,0.12358002929687499,0.1037146484375,0.12050317382812499,0.067480322265625
2004-02-19 00:42:39,0.12453740234375002,0.10220712890625001,0.11898701171875001,0.06735444335937499
2004-02-19 00:52:39,0.139822265625,0.109218408203125,0.12167915039062498,0.073730419921875
2004-02-19 01:02:39,0.160893017578125,0.11405190429687502,0.12372353515624998,0.078555224609375
2004-02-19 01:12:39,0.17740561523437498,0.11349536132812502,0.122515234375,0.079303173828125
2004-02-19 01:22:39,0.15332763671875,0.10645996093750001,0.11563388671875,0.074146533203125
2004-02-19 01:32:39,0.17944443359375,0.109833740234375,0.11563559570312502,0.07672983398437501
2004-02-19 01:42:39,0.15561723632812502,0.0978337890625,0.108143505859375,0.07230517578125001
2004-02-19 01:52:39,0.171794287109375,0.09744506835937501,0.10145029296875,0.07533476562500001
2004-02-19 02:02:39,0.16294912109374998,0.096346826171875,0.096860595703125,0.07185698242187501
2004-02-19 02:12:39,0.197246923828125,0.10747558593750002,0.10160458984375001,0.07920537109375
2004-02-19 02:22:39,0.15503696289062502,0.10285283203125,0.09709130859375001,0.07343916015625
2004-02-19 02:32:39,0.17242504882812498,0.126727490234375,0.119741845703125,0.0818728515625
2004-02-19 02:42:39,0.20412456054687503,0.1363826171875,0.13269658203124998,0.08884580078125001
2004-02-19 02:52:39,0.183015478515625,0.146815869140625,0.149631787109375,0.08643359375000001
2004-02-19 03:02:39,0.182318603515625,0.11338916015625,0.13547978515625,0.0774435546875
2004-02-19 03:12:39,0.19475849609375,0.11252451171874997,0.120890185546875,0.074097216796875
2004-02-19 03:22:39,0.230137744140625,0.139460546875,0.1331548828125,0.08628471679687501
2004-02-19 03:32:39,0.228025830078125,0.14629189453125002,0.132958544921875,0.08787182617187501
2004-02-19 03:42:39,0.2803884765625,0.143851123046875,0.13007348632812502,0.090879150390625
2004-02-19 03:52:39,0.2539470703125,0.115852587890625,0.12070048828125002,0.08709658203125
2004-02-19 04:02:39,0.255130078125,0.11856552734374999,0.12534062499999998,0.095045947265625
2004-02-19 04:12:39,0.2693306640625,0.149215380859375,0.14611083984375,0.106214990234375
2004-02-19 04:22:39,0.294223779296875,0.152525732421875,0.147829443359375,0.109945263671875
2004-02-19 04:32:39,0.29984995117187496,0.128473876953125,0.12227006835937501,0.098610791015625
2004-02-19 04:42:39,0.24854594726562498,0.10732949218750001,0.09503388671874999,0.09075336914062501
2004-02-19 04:52:39,0.329175048828125,0.152798681640625,0.134074365234375,0.10227949218750002
2004-02-19 05:02:39,0.416709765625,0.1499283203125,0.14258916015625,0.0953634765625
2004-02-19 05:12:39,0.35193598632812495,0.132495458984375,0.12752338867187502,0.111187060546875
2004-02-19 05:22:39,0.338250439453125,0.136768115234375,0.11816704101562499,0.11686103515624999
2004-02-19 05:32:39,0.301368017578125,0.14043027343749998,0.11146342773437501,0.114492578125
2004-02-19 05:42:39,0.453317626953125,0.16101113281249999,0.137444287109375,0.11904238281249999
2004-02-19 05:52:39,0.33757451171874997,0.13239716796874998,0.14499667968750002,0.09212255859375
2004-02-19 06:02:39,0.351094482421875,0.15225927734375,0.151295556640625,0.10081333007812501
2004-02-19 06:12:39,0.0018568359375000002,0.0037314941406250005,0.0036558105468750004,0.0017859375000000004
2004-02-19 06:22:39,0.001168408203125,0.0007671875,0.0007161621093750001,0.00169853515625
